0;3700;-1.250000;-1.2000;2.2400;9.4600;-0.2500;0.3750;-3.0000;-17.1875;4.7500;1.5625;-0.0900;0.0700;-0.1400;358.6250;-13.3125;-7.0625;16241;1881;1038;191;
0;80;1.025425;-1.1900;2.2300;9.4700;-1.5000;-4.6250;-0.6250;-17.5000;4.0625;0.7500;-0.0500;-0.1100;0.1000;358.7500;-13.2500;-6.9375;16243;1876;1026;174;
0;90;1.025425;-1.1900;2.2300;9.4700;-0.8125;-0.5625;-1.2500;-18.6875;5.1875;1.5625;-0.0700;-0.1400;0.0400;358.8125;-13.2500;-7.0000;16243;1877;1028;170;
0;90;1.039051;-1.1900;2.2400;9.4700;-0.0625;-0.7500;-0.5000;-18.6875;4.3750;1.1875;0.0900;0.0100;-0.1100;358.8125;-13.3125;-6.9375;16243;1880;1024;161;
0;90;1.079926;-1.1800;2.2400;9.4700;-0.7500;0.6250;-3.3750;-18.2500;4.3750;0.3750;-0.0600;0.0700;-0.0600;358.8125;-13.3125;-6.9375;16242;1885;1018;168;
0;90;1.039051;-1.2000;2.2600;9.4600;2.3125;0.8125;-0.2500;-17.8750;4.3750;0.3750;-0.0300;0.2200;-0.0300;358.8125;-13.4375;-7.0000;16241;1893;1034;166;
0;90;1.039051;-1.2000;2.2700;9.4600;0.5625;3.6875;-1.1250;-17.1875;4.0625;0.7500;-0.0500;0.1200;-0.1700;358.9375;-13.5000;-7.0625;16239;1909;1030;149;
0;90;1.011800;-1.2100;2.2900;9.4500;-0.0625;3.2500;-0.6250;-17.1875;4.3750;1.1875;-0.1200;0.1500;0.0000;358.8125;-13.6250;-7.1250;16236;1928;1042;163;
0;90;1.039051;-1.2500;2.3000;9.4400;2.3125;6.7500;0.3125;-17.1875;4.3750;1.1875;-0.4300;0.0700;0.0200;358.8125;-13.6875;-7.3125;16234;1929;1064;166;
0;90;1.052676;-1.2500;2.3700;9.4300;4.0625;2.3750;-1.4375;-17.2500;4.0625;-0.3750;-0.1100;0.1000;-0.0500;358.3750;-14.0625;-7.3125;16226;1979;1085;232;
0;90;1.039051;-1.2200;2.4400;9.4100;1.4375;-2.1875;0.0000;-17.5625;3.5000;0.6875;0.2600;-0.0900;-0.2500;357.8125;-14.5625;-7.1250;16218;2045;1072;304;
0;90;1.039051;-1.2400;2.4700;9.4000;2.7500;0.2500;2.6250;-18.5625;3.5625;0.5625;-0.1900;0.1700;0.0700;357.9375;-14.7500;-7.3125;16214;2067;1092;286;
0;90;1.039051;-1.2700;2.4900;9.3900;4.5625;3.5625;-4.9375;-15.8750;3.0625;0.1875;0.1300;0.0800;0.1600;358.1250;-14.8750;-7.4375;16211;2085;1106;263;
0;90;1.039051;-1.5300;2.7000;9.3000;17.1250;27.3750;-13.8125;-17.2500;2.7500;0.7500;0.3700;0.3300;0.3300;358.4375;-16.0625;-8.6250;16176;2256;1275;218;
0;90;1.052676;-2.0300;3.0700;9.0800;47.8750;21.8125;-3.1875;-14.6875;1.8750;-1.0000;-0.0600;0.1200;-0.2400;0.1875;-18.6875;-11.9375;16094;2557;1698;-24;
0;90;1.039051;-2.1300;3.4500;8.9200;20.8125;0.0000;-13.0000;-14.0625;-2.6875;-1.5000;-0.2900;-0.7900;0.2600;1.1250;-21.1250;-12.5000;16017;2947;1789;-138;
0;90;1.039051;-1.9000;4.0600;8.7100;39.4375;-30.0000;8.5000;-13.0000;-7.2500;-6.8750;-0.1900;-0.0300;0.0500;1.5625;-25.0000;-11.1875;15929;3465;1630;-221;
0;90;1.052676;-1.5300;4.5200;8.5600;33.5625;-27.3125;0.7500;-15.2500;-12.3750;-10.1875;-0.0800;-0.9200;0.3100;2.3750;-27.4375;-9.2500;15863;3882;1279;-335;
0;90;1.052676;-1.3800;4.8800;8.3800;20.4375;-8.4375;-14.0625;-17.2500;-14.2500;-9.5000;0.3000;-0.9500;-0.2500;3.1250;-30.1875;-8.1250;15774;4272;1089;-430;
0;90;1.079926;-1.2900;5.3300;8.1200;29.1250;-2.9375;8.8750;-17.8750;-18.7500;-11.5625;0.0800;0.2900;-0.3900;3.5000;-33.2500;-7.5625;15669;4654;999;-493;
0;90;1.052676;-1.3200;5.4900;8.0100;17.2500;1.6875;-3.0625;-19.2500;-22.0000;-12.5625;-0.3600;0.0700;-0.1800;4.1250;-34.3750;-7.7500;15614;4831;988;-559;
0;90;1.052676;-1.3500;5.6300;7.9000;13.3750;3.0625;-9.3125;-19.6875;-24.3750;-14.5000;0.2500;0.0400;-0.2200;4.2500;-35.4375;-7.9375;15566;4980;1002;-565;
0;90;1.052676;-1.3900;5.7600;7.8100;8.3125;0.3750;3.9375;-18.5625;-25.2500;-15.0000;0.0500;0.1600;0.0700;4.3125;-36.3125;-8.1250;15521;5111;1034;-588;
0;90;1.066301;-1.4300;5.7900;7.7700;9.2500;-0.5625;3.2500;-18.6875;-24.1875;-16.0000;-0.1100;0.0000;-0.0500;4.6875;-36.6875;-8.3750;15500;5163;1052;-639;
0;90;1.079926;-1.5500;6.0200;7.5800;14.9375;9.1250;-0.8125;-18.3750;-25.3750;-15.1875;-0.0500;0.0000;-0.2500;4.8750;-38.4375;-9.0625;15421;5376;1135;-660;
0;90;1.039051;-1.5800;6.1100;7.5000;7.4375;3.1250;-3.6250;-17.3750;-26.0000;-14.3750;-0.0500;-0.0200;-0.0500;4.7500;-39.1250;-9.2500;15383;5479;1173;-641;
0;90;1.052676;-1.6800;6.2300;7.3800;6.0000;-2.0000;2.1875;-17.0000;-27.1875;-15.1875;0.0500;0.0000;-0.1900;5.0000;-40.1250;-9.8750;15326;5614;1261;-676;
0;90;1.039051;-1.6600;6.2400;7.3700;5.6250;0.8125;-1.5000;-17.3750;-27.6875;-16.0625;-0.0100;0.1700;-0.1700;5.0625;-40.2500;-9.7500;15318;5638;1237;-679;
0;90;1.052676;-1.6700;6.2600;7.3500;-0.7500;0.4375;-3.4375;-17.0000;-28.0000;-15.7500;0.0000;0.0900;-0.0100;5.0625;-40.4375;-9.8125;15310;5659;1242;-685;
0;90;1.066301;-1.6900;6.3000;7.3100;0.3125;2.5625;-1.7500;-18.5625;-28.0000;-16.3750;-0.0800;0.0600;-0.0100;4.9375;-40.6875;-9.9375;15296;5694;1266;-662;
0;90;1.052676;-1.7100;6.3000;7.3100;3.8750;2.0000;-2.4375;-18.1875;-28.5625;-15.5625;0.1100;0.0400;-0.2100;4.9375;-40.7500;-10.0000;15296;5692;1280;-663;
0;90;1.052676;-1.7300;6.3200;7.2900;5.1250;2.8125;1.5625;-16.7500;-28.0000;-15.6875;0.2000;0.0300;-0.2100;5.0000;-40.9375;-10.1875;15285;5714;1303;-677;
0;90;1.052676;-1.7800;6.3500;7.2500;6.0625;2.3125;1.1250;-17.5000;-28.0000;-15.6875;-0.0700;-0.0200;0.1100;5.0625;-41.1875;-10.4375;15264;5761;1342;-679;
0;90;1.052676;-1.8100;6.3700;7.2200;1.6250;-0.3125;-0.8750;-17.8750;-28.2500;-15.6875;0.0700;-0.2400;0.0200;5.2500;-41.3750;-10.6250;15253;5783;1358;-702;
0;90;1.066301;-1.9700;6.4600;7.1000;8.2500;12.6250;-17.6875;-17.8750;-28.2500;-16.0625;-0.1100;-0.1500;-0.1100;5.6875;-42.2500;-11.5625;15202;5888;1456;-741;
0;90;1.039051;-1.9600;6.4700;7.0900;3.0000;0.3750;7.2500;-15.2500;-29.6875;-16.1875;0.2000;-0.0400;-0.0800;5.6250;-42.3125;-11.5625;15193;5900;1486;-760;
0;90;1.039051;-1.9700;6.5000;7.0600;4.3125;0.6875;9.8125;-17.0000;-29.3750;-14.6875;0.0200;-0.0100;0.0200;5.6875;-42.5625;-11.5625;15180;5932;1484;-769;
0;90;1.052676;-1.9800;6.5200;7.0400;-4.8125;-0.8125;-8.1875;-16.0625;-29.7500;-15.5000;-0.1400;-0.3800;0.1000;5.6875;-42.7500;-11.6875;15170;5957;1497;-757;
0;90;1.052676;-1.9700;6.5400;7.0300;-0.6250;3.1250;2.5000;-16.0625;-29.3750;-14.7500;0.1700;0.0000;-0.1200;5.5625;-42.8750;-11.5625;15163;5979;1486;-742;
0;90;1.066301;-2.1100;6.1400;7.3400;-74.1875;1.0000;-11.3125;-16.0625;-29.0000;-15.5625;0.2400;0.3100;-0.4700;6.1250;-39.8750;-12.4375;15266;5678;1578;-818;
0;90;1.039051;-2.1400;5.2500;7.9900;-51.0625;-6.5625;0.4375;-15.3750;-27.5625;-18.3750;-0.2400;-0.6900;-0.0100;6.4375;-33.3125;-12.6250;15562;4779;1627;-883;
0;90;1.039051;-2.0700;4.4400;8.4900;-70.7500;6.2500;-4.1250;-16.0625;-24.0000;-20.6875;0.1400;0.0500;0.1000;4.4375;-27.6250;-12.1875;15790;4006;1635;-620;
0;90;1.066301;-2.1100;3.8300;8.7700;-51.0000;-1.4375;25.3750;-17.1875;-19.5625;-25.7500;-0.2800;0.4900;-0.1400;3.9375;-23.5625;-12.4375;15937;3353;1703;-556;
0;90;1.052676;-2.0400;2.7800;9.1700;-68.0000;-13.1250;12.6875;-16.5000;-18.0000;-27.0625;-0.2600;0.0400;0.0400;1.8125;-16.8750;-12.0625;16117;2393;1701;-263;
0;90;1.093552;-1.8800;1.7100;9.4600;-61.9375;3.0625;-6.8125;-16.8750;-12.0000;-31.5000;-0.2300;0.0000;0.0600;0.4375;-10.2500;-11.0625;16235;1539;1579;-66;
0;90;1.052676;-1.7600;0.9800;9.5900;-49.5625;-11.6875;7.3125;-19.1875;-8.0625;-34.0000;0.6800;0.5300;-0.5500;0.0625;-5.8750;-10.3125;16291;898;1499;-26;
0;90;1.052676;-1.7900;0.1400;9.6300;-45.5625;3.8125;2.8750;-18.7500;-2.5000;-35.2500;0.1100;0.0400;-0.2700;0.2500;-0.8125;-10.5625;16314;185;1504;-50;
0;90;1.052676;-1.8200;-0.4800;9.6200;-52.5000;2.3750;-18.3750;-19.0000;-1.2500;-37.8750;0.3800;0.0500;-0.3500;0.3125;2.8750;-10.6875;16307;-402;1534;-45;
0;90;1.052676;-1.7900;-1.2000;9.5600;-35.7500;1.0625;-20.3750;-19.0000;1.5000;-37.8750;0.0900;-0.2400;-0.1100;1.9375;7.1250;-10.5000;16280;-986;1528;-280;
0;90;1.079926;-1.8100;-1.7200;9.4800;-28.6875;-0.7500;-12.2500;-19.7500;3.3750;-38.0625;-0.0400;-0.1000;0.4100;2.8750;10.2500;-10.6250;16246;-1371;1569;-403;
0;90;1.066301;-1.8200;-1.9800;9.4200;-8.4375;4.8750;1.0625;-18.7500;5.0000;-39.2500;0.0600;-0.0600;0.2400;3.3750;11.8750;-10.6875;16220;-1618;1580;-484;
0;90;1.052676;-1.8300;-1.8500;9.4500;24.8125;-2.9375;9.0625;-19.1875;5.6875;-39.0625;-0.1700;0.1500;0.7700;4.0625;11.0625;-10.7500;16222;-1540;1604;-586;
0;90;1.039051;-1.5600;-1.1300;9.6100;62.0000;-28.3125;5.9375;-18.6875;3.8750;-38.6875;-0.0800;1.1200;0.2300;3.8125;6.7500;-9.1250;16294;-911;1343;-546;
0;100;1.039051;-1.4300;0.3000;9.6900;70.6875;13.3125;3.3125;-19.0000;-0.8750;-37.8750;2.6100;2.2200;-2.0400;3.6875;-1.7500;-8.3750;16330;292;1189;-530;
0;80;1.066301;-1.9200;1.2300;9.5300;166.4375;-0.8125;16.1875;-18.6875;-4.8750;-37.8750;-2.2400;0.6600;0.7400;8.5000;-7.3125;-11.3125;16238;925;1561;-1212;
0;90;1.039051;-1.7400;2.6600;9.2700;98.7500;10.1875;7.3125;-17.1875;-13.0000;-36.0625;0.3400;-1.5200;-0.2800;4.9375;-16.0000;-10.1875;16171;2144;1379;-652;
0;90;1.052676;-1.9300;4.1600;8.6600;58.0625;7.1250;11.2500;-15.8750;-19.2500;-33.3750;0.0400;-2.2400;0.9800;7.7500;-25.6875;-11.3750;15879;3615;1431;-1086;
0;90;1.039051;-2.3700;5.0800;8.0300;47.0625;26.8750;-41.2500;-13.8750;-25.6875;-30.6875;-1.0000;0.9000;-0.1300;10.9375;-32.3125;-13.9375;15557;4635;1642;-1490;
0;90;1.079926;-2.3700;5.8600;7.4900;110.9375;17.9375;3.1250;-13.2500;-28.3750;-30.1875;-0.3400;2.2900;-0.8500;10.9375;-38.0625;-14.0000;15315;5398;1602;-1473;
0;90;1.093552;-2.2600;6.3300;7.1300;-4.5625;5.9375;14.4375;-11.6875;-30.5625;-27.0000;0.8700;1.6400;-1.1600;9.5000;-41.5625;-13.3125;15159;5878;1555;-1292;
0;90;1.066301;-2.3800;5.0100;8.0800;-132.3750;11.1250;0.9375;-14.2500;-29.8750;-27.8750;0.0800;-0.5300;-0.1700;7.6250;-31.8125;-14.0625;15562;4686;1774;-1068;
0;90;1.052676;-2.2000;3.7500;8.7800;-82.6875;-12.5625;13.8125;-11.5000;-22.1875;-32.6875;0.0400;-0.5300;-0.6600;5.8125;-23.1250;-12.9375;15908;3417;1735;-834;
0;90;1.052676;-1.9500;2.6700;9.2200;-85.5000;-21.8750;-6.8125;-12.6875;-16.5625;-34.0625;0.0600;-0.6500;-0.3200;5.0000;-16.1250;-11.5000;16126;2339;1557;-711;
0;90;1.066301;-1.5300;1.3300;9.5900;-115.6875;-33.3750;-4.1875;-15.0000;-13.1875;-36.0625;0.0800;-0.9400;-0.9300;4.8750;-7.8750;-9.0000;16280;1173;1240;-696;
0;90;1.079926;-1.0700;-0.5100;9.7300;-128.1875;-10.5625;-8.8750;-17.0625;-7.5625;-37.2500;-0.2400;-1.6100;0.0400;5.2500;3.0000;-6.2500;16340;-218;910;-748;
0;90;1.066301;-1.0100;-1.5000;9.6300;-44.9375;-17.5625;6.5625;-21.0000;-1.2500;-37.7500;0.5500;-0.6300;0.0500;5.6875;8.8125;-5.9375;16295;-1167;925;-837;
0;90;1.052676;-1.0900;-1.3100;9.6500;44.6875;5.6250;8.7500;-22.0000;1.6875;-37.8750;0.7800;0.0900;-0.0800;5.4375;7.6875;-6.3750;16297;-1127;971;-785;
0;90;1.052676;-1.1700;-0.4500;9.7200;76.6250;-2.1250;-3.8750;-20.5625;-2.5625;-38.6875;0.2600;0.8400;0.4000;6.6250;2.6250;-6.8750;16323;-320;1005;-947;
0;90;1.066301;-1.8200;0.4100;9.6200;63.8750;44.5625;-37.1875;-21.3750;-4.7500;-39.5000;-0.9500;-0.4100;1.3500;9.6875;-2.4375;-10.6875;16250;481;1494;-1384;
0;90;1.066301;-2.0800;2.0500;9.3600;109.6875;3.6250;13.2500;-19.5625;-11.2500;-40.2500;-0.3300;2.4200;0.3100;12.2500;-11.5625;-12.2500;16114;1806;1579;-1737;
0;90;1.079926;-2.2900;3.2900;8.9400;128.2500;26.2500;-15.4375;-20.6875;-19.5625;-38.5625;-1.4100;1.6900;0.6200;15.0625;-19.0000;-13.3125;15913;2882;1568;-2107;
0;90;1.120802;-2.4100;4.3800;8.4300;143.7500;10.1250;-32.5000;-19.6875;-25.7500;-34.0000;-0.6800;0.7100;0.5500;16.8125;-27.4375;-14.2500;15630;4063;1515;-2312;
0;90;1.052676;-2.3300;5.4200;7.8200;42.1875;-8.3750;-10.6875;-18.7500;-31.2500;-30.0625;0.4000;0.6300;-0.2100;15.8750;-34.6875;-13.7500;15386;5020;1376;-2149;
0;90;1.066301;-2.0400;5.7000;7.7100;10.3750;-17.5000;20.1250;-18.0625;-32.0000;-30.0625;-0.4000;0.6400;-0.1200;15.1250;-36.4375;-12.0000;15350;5233;1128;-2043;
0;90;1.079926;-1.6400;5.3700;8.0300;-60.9375;-19.3750;27.1875;-20.3750;-30.1875;-27.0625;0.2100;0.2300;-1.0300;13.5625;-33.7500;-9.6250;15518;4842;873;-1854;
0;90;1.066301;-1.4300;4.2000;8.7400;-107.0625;-2.2500;8.8750;-21.5000;-26.6875;-29.0000;0.4800;-1.2100;-1.0600;11.4375;-25.6875;-8.3750;15853;3719;866;-1591;
0;90;1.066301;-1.5200;2.5800;9.3300;-123.4375;-7.3125;-1.8125;-21.1875;-20.1875;-31.8750;-0.4800;-1.9300;-0.7200;11.4375;-15.4375;-8.8750;16106;2301;1063;-1616;
0;90;1.066301;-1.3400;1.0900;9.6500;-114.4375;-16.3125;9.9375;-22.0000;-13.7500;-35.1875;-0.5400;-0.2900;-1.0100;10.7500;-6.4375;-7.8750;16247;1016;1037;-1534;
0;90;1.079926;-1.0800;-0.1800;9.7400;-71.1250;-16.2500;21.8125;-23.0000;-10.0625;-35.5625;-0.5600;0.2000;-1.0900;9.7500;1.0625;-6.3125;16299;-76;914;-1392;
0;90;1.066301;-1.0400;-1.1500;9.6800;-65.2500;14.3125;-8.9375;-24.5000;-4.1875;-36.6875;0.1900;-0.0200;-1.2300;9.1250;6.7500;-6.0625;16280;-891;951;-1306;
0;90;1.066301;-1.3000;-1.7100;9.5600;-22.3750;11.8750;3.3125;-25.0000;-1.1875;-38.0000;0.3800;0.9800;-0.3200;8.6250;10.1250;-7.6250;16237;-1350;1200;-1231;
0;90;1.052676;-1.6200;-1.5400;9.5400;45.5000;30.4375;7.4375;-26.5625;0.5000;-41.5625;-1.2200;1.2400;1.5000;8.3750;9.1875;-9.5000;16232;-1195;1455;-1192;
0;90;1.066301;-1.7000;-0.5600;9.6300;95.4375;2.6875;-34.8125;-27.3750;-2.2500;-41.8750;0.0300;1.8600;0.8800;10.0000;3.3750;-10.0000;16252;-350;1470;-1427;
0;90;1.066301;-1.9300;0.3200;9.6000;70.1875;17.0000;-24.1875;-27.6875;-6.6875;-41.8750;-1.0600;-0.2300;1.9100;12.3125;-1.8750;-11.3750;16207;445;1588;-1750;
0;90;1.052676;-1.9100;1.5800;9.4800;80.6250;3.5000;-48.6875;-28.1875;-13.0000;-41.7500;-0.5300;0.1900;1.3700;15.0625;-9.5000;-11.1875;16108;1539;1420;-2138;
0;90;1.052676;-1.8400;3.1800;9.0900;99.5625;-12.4375;-4.9375;-26.0000;-20.5625;-38.5625;0.2100;-0.0200;0.7200;16.7500;-19.2500;-10.8125;15910;2907;1162;-2348;
0;90;1.066301;-1.9300;4.5200;8.4800;88.5000;1.3750;9.9375;-25.7500;-27.3750;-33.7500;-1.5400;1.8000;1.3000;18.1250;-28.0625;-11.3125;15623;4130;1032;-2496;
0;90;1.066301;-1.5900;5.1400;8.1900;39.6250;-14.0625;-7.2500;-25.1875;-30.2500;-30.5000;0.6100;0.0700;-0.5100;18.1250;-32.0625;-9.3125;15501;4647;668;-2473;
0;90;1.093552;-1.2800;5.0400;8.3100;-31.9375;-18.5000;7.8125;-25.3750;-29.5625;-29.5625;1.1100;-0.7500;-0.9200;17.0000;-31.2500;-7.5000;15573;4503;452;-2329;
0;90;1.066301;-0.9700;4.2100;8.8000;-99.1250;-16.8750;44.7500;-24.8750;-27.0000;-26.8750;0.4100;-1.7800;-1.1900;15.2500;-25.5625;-5.6250;15817;3696;345;-2119;
0;90;1.052676;-0.6800;2.8800;9.3400;-113.9375;-26.9375;20.6875;-26.0000;-21.6875;-30.0000;0.7800;-1.0000;-1.5400;13.8750;-17.1250;-4.0000;16072;2495;281;-1957;
0;90;1.052676;-0.5800;1.2100;9.7100;-115.7500;0.2500;9.1875;-28.0625;-15.0625;-32.0000;-0.9100;-2.4400;-1.0400;13.3750;-7.1250;-3.3750;16233;1070;368;-1907;
0;90;1.052676;-0.5000;0.0600;9.7900;-81.3750;1.0625;14.5625;-30.3750;-8.7500;-33.6875;0.4100;0.1400;-1.5700;11.6875;-0.3750;-2.9375;16293;99;416;-1669;
0;90;1.093552;-0.7000;-0.7000;9.7500;-11.5000;18.3125;9.8750;-30.8750;-7.0000;-35.3750;0.1100;0.0700;-0.6300;11.5000;4.0625;-4.1250;16280;-526;649;-1647;
0;90;1.079926;-1.1000;-0.3200;9.7300;52.0000;27.8125;-7.0000;-32.3750;-5.2500;-37.6875;-0.7200;0.9500;1.1100;11.5625;1.8750;-6.4375;16272;-176;948;-1656;
0;90;1.052676;-1.3800;0.5600;9.6900;53.4375;20.0000;-40.5625;-32.0625;-8.2500;-39.7500;0.2300;1.6500;2.1200;12.8125;-3.3125;-8.0625;16234;602;1096;-1828;
0;90;1.052676;-1.6500;1.4200;9.5500;99.6250;30.3750;-31.2500;-32.5625;-14.0625;-39.1875;1.3600;-2.4400;0.0800;15.1250;-8.5000;-9.6875;16138;1375;1224;-2144;
0;90;1.066301;-1.9900;2.7500;9.1900;73.2500;14.8125;-42.5625;-29.7500;-22.1875;-37.5000;1.4300;-1.8900;0.6500;19.0625;-16.6250;-11.7500;15904;2588;1284;-2677;
0;90;1.079926;-2.2200;4.2500;8.5400;105.0625;-36.1875;40.2500;-29.3750;-25.8750;-35.8750;0.0900;0.6200;0.3900;23.0625;-26.4375;-13.0625;15530;3988;1145;-3169;
0;90;1.066301;-2.0900;5.6300;7.7400;138.5000;-0.1875;-7.6250;-28.0000;-33.0625;-29.3750;-2.0300;2.8400;1.1000;24.5000;-36.0000;-12.2500;15145;5259;746;-3294;
0;90;1.079926;-1.6400;6.2000;7.4100;5.8125;9.6875;2.3750;-29.0000;-36.3750;-24.0625;0.4900;0.1100;-0.1700;22.4375;-39.9375;-9.6250;15057;5715;360;-2991;
0;90;1.066301;-1.2300;5.7700;7.8200;-77.0000;-5.4375;52.5625;-28.0625;-33.7500;-22.7500;0.8000;-1.9000;-0.4700;18.1250;-36.3750;-7.1875;15342;5196;270;-2448;
0;90;1.066301;-0.6600;4.8500;8.4900;-116.8125;-28.6250;45.7500;-30.0000;-27.6875;-25.5000;0.9800;-1.7700;-1.8000;14.9375;-29.6875;-3.8750;15641;4396;58;-2115;
0;90;1.079926;-0.3500;3.4500;9.1700;-116.1250;-15.0000;12.6250;-31.5625;-24.0000;-25.8750;-0.2200;0.4600;-2.1600;13.3125;-20.6250;-2.0625;16007;2948;-38;-1873;
0;90;1.052676;-0.1800;1.7800;9.6400;-95.8750;-12.1250;15.2500;-33.8750;-18.5000;-29.3750;-0.2100;-0.7700;-1.5700;12.8750;-10.4375;-1.0625;16211;1505;-14;-1834;
0;90;1.066301;0.0600;0.7700;9.7700;-55.0625;-24.3750;15.5625;-35.5000;-11.7500;-32.2500;-0.0500;0.9300;-1.0100;11.6875;-4.5000;0.3750;16286;635;-120;-1668;
0;90;1.052676;0.0800;-0.1000;9.8000;-35.5000;11.7500;7.6875;-38.5625;-8.5000;-32.7500;-0.2900;-0.4300;-0.4600;11.2500;0.6250;0.4375;16305;-97;-58;-1606;
0;90;1.066301;-0.1000;-0.0100;9.8000;55.8125;10.8125;19.0625;-39.0000;-6.0625;-34.0000;-1.0300;-0.3000;0.4800;9.8125;0.0625;-0.5625;16324;-4;84;-1402;
0;90;1.093552;-0.3600;0.8700;9.7600;77.4375;13.6875;-8.5625;-39.3750;-7.5625;-33.5625;0.3900;0.9900;1.5800;10.0000;-5.0625;-2.1250;16308;647;233;-1417;
0;90;1.066301;-0.5900;1.8500;9.6100;72.1875;13.2500;-39.1875;-40.2500;-12.3750;-35.5000;0.9600;-0.3500;1.3200;12.0000;-10.9375;-3.4375;16227;1505;317;-1656;
0;90;1.052676;-0.8900;3.0200;9.2800;65.6250;8.6250;8.8750;-38.5625;-19.3750;-33.8750;0.9500;-0.2600;1.5000;14.2500;-18.0625;-5.1875;16053;2547;432;-2019;
0;90;1.052676;-1.1400;4.3400;8.7100;113.4375;12.5625;-4.6250;-38.0000;-24.3750;-31.3750;-2.0900;-0.0500;2.1700;17.1250;-26.4375;-6.6250;15781;3687;416;-2373;
0;90;1.066301;-1.0000;5.7400;7.8800;103.8125;9.3750;-56.2500;-35.7500;-29.8750;-26.8750;-0.4500;0.3800;0.7900;17.5000;-36.0625;-5.8125;15434;4994;86;-2300;
0;90;1.120802;-0.9300;6.5000;7.2700;8.7500;-2.4375;14.3125;-32.5000;-33.1875;-24.8750;1.3800;-0.1200;-0.6500;17.3125;-41.8125;-5.4375;15116;5877;-36;-2324;
0;90;1.066301;-0.9100;6.0100;7.6900;-80.0000;-8.3750;13.8125;-32.0625;-32.6875;-22.3750;0.9400;-0.3900;-0.6100;16.3750;-38.0000;-5.3125;15278;5484;40;-2223;
0;90;1.093552;-0.9900;4.8000;8.4800;-117.8750;8.7500;3.3125;-30.6875;-28.6875;-25.5625;0.2500;-0.6100;-1.3600;15.8750;-29.5000;-5.8125;15628;4393;246;-2201;
0;90;1.052676;-0.6600;3.2400;9.2200;-110.4375;-24.0625;33.9375;-31.5000;-22.7500;-28.7500;0.5300;-0.8100;-1.6900;13.1250;-19.3750;-3.8750;16002;2952;266;-1894;
0;90;1.066301;-0.4200;1.6400;9.6500;-103.7500;-10.8750;10.3750;-32.3750;-18.7500;-30.5000;-0.4000;-1.1200;-1.1900;11.8750;-9.6250;-2.4375;16221;1539;214;-1703;
0;90;1.107177;-0.3200;0.5300;9.7800;-45.8750;-4.6875;-19.8125;-34.6875;-12.0625;-33.0000;-0.4500;-1.0700;-0.6700;12.5625;-3.0625;-1.8750;16278;536;222;-1769;
0;90;1.052676;-0.3300;0.3900;9.7900;18.6875;3.8750;4.0625;-35.5625;-9.0625;-33.5000;0.0200;0.9100;-0.4900;13.0625;-2.2500;-1.9375;16271;333;237;-1877;
0;90;1.066301;-0.7400;0.7100;9.7500;71.8125;29.6250;-5.0625;-36.6875;-10.1875;-35.5000;-1.3200;-0.0600;1.6900;14.3750;-4.1875;-4.3125;16238;568;511;-2044;
0;90;1.066301;-1.0100;1.9200;9.5600;69.8125;25.1250;-40.8750;-38.2500;-15.7500;-36.6875;-0.8200;0.4300;1.5500;14.8125;-11.3125;-5.9375;16163;1615;614;-2049;
0;90;1.093552;-1.4200;2.7500;9.3000;47.3125;34.1250;-51.5000;-36.6875;-18.2500;-36.8750;1.6200;-0.4000;0.4100;17.3750;-16.0000;-7.8750;16000;2413;781;-2453;
0;90;1.093552;-1.7800;4.1500;8.7000;102.0000;1.1875;-27.3750;-33.2500;-23.7500;-36.8750;0.9300;-0.3500;0.5800;20.6250;-25.5000;-10.5000;15696;3659;886;-2809;
0;90;1.066301;-2.3800;5.6300;7.6600;113.6875;31.3750;23.5000;-32.0000;-32.5625;-31.1875;-1.0300;2.5700;1.4000;25.7500;-36.2500;-14.0000;15121;5172;946;-3484;
0;90;1.066301;-2.0900;6.1400;7.3500;5.5000;-17.5625;6.4375;-30.5000;-38.0000;-25.5625;0.3600;0.6200;0.8500;24.4375;-39.8750;-12.3125;14975;5756;690;-3250;
0;90;1.066301;-1.6100;5.7200;7.7900;-82.0000;-2.6875;47.0625;-29.6875;-35.7500;-25.0000;0.7200;-0.9900;-0.5500;21.0000;-37.0625;-9.6875;15223;5333;497;-2828;
0;90;1.079926;-1.2300;4.3300;8.7000;-147.5625;-3.5625;39.8750;-30.3750;-31.7500;-25.5000;0.8800;-1.6600;-2.4300;17.6875;-27.8750;-7.3750;15680;4050;472;-2441;
0;90;1.093552;-0.9500;2.4700;9.4400;-108.5625;-27.4375;43.1875;-31.8750;-24.0625;-30.5625;-0.2200;-0.9100;-1.7100;13.5000;-14.6250;-5.5625;16089;2315;584;-1967;
0;90;1.079926;-0.7600;1.1600;9.7000;-62.0000;-1.8750;3.3750;-34.6875;-15.5625;-33.1875;-0.8100;-0.4600;-1.1400;11.3750;-6.8125;-4.4375;16255;1121;533;-1635;
0;90;1.066301;-0.8400;0.5800;9.7500;-6.7500;2.8750;-23.6875;-35.5625;-9.1875;-34.3750;-0.3500;-0.3300;-0.6500;11.8750;-3.4375;-4.9375;16276;572;645;-1666;
0;90;1.079926;-1.0600;0.9700;9.6900;58.2500;18.0625;-18.5625;-37.0625;-10.3750;-35.5625;-0.7200;0.7500;0.3000;13.6250;-5.1250;-6.0000;16228;831;772;-1946;
0;90;1.079926;-1.2700;1.8500;9.5400;92.6875;-2.5000;-33.6250;-37.8750;-12.5625;-37.5625;-0.1800;1.3000;1.7200;15.2500;-10.9375;-7.4375;16130;1688;855;-2162;
0;90;1.107177;-1.6500;2.9700;9.1900;91.8750;5.1250;-30.1875;-37.1875;-18.7500;-37.1875;0.1100;1.5600;1.0400;19.5625;-17.8750;-9.6875;15920;2605;959;-2698;
0;90;1.066301;-2.1500;4.1600;8.6100;117.3750;18.3750;-23.8125;-35.1875;-27.1875;-35.8750;-1.2900;0.9000;1.9100;23.6875;-25.7500;-12.6250;15586;3734;1080;-3225;
0;90;1.066301;-2.1200;5.2800;7.9700;71.0000;18.8125;-14.0000;-33.3750;-32.5625;-30.5000;0.4400;0.4100;0.5000;24.3750;-33.5000;-12.5000;15283;4834;833;-3285;
0;90;1.066301;-1.8700;5.8800;7.6100;8.9375;-18.9375;52.5625;-32.2500;-35.5000;-24.3750;0.9200;1.1100;-0.3600;23.3750;-37.6875;-11.0000;15120;5450;573;-3129;
0;90;1.093552;-1.6200;5.4500;7.9800;-58.8750;-2.1875;18.5000;-32.1875;-34.5000;-25.2500;0.2800;-0.0200;-0.2500;20.7500;-34.3125;-9.5000;15348;4967;536;-2813;
0;90;1.107177;-1.3600;4.3200;8.6900;-85.7500;1.1875;38.3125;-32.2500;-29.7500;-26.7500;0.0200;-1.5400;-0.9300;15.8750;-26.3750;-8.0000;15725;3956;645;-2255;
0;90;1.052676;-0.9800;2.9100;9.3100;-120.1250;-14.3125;25.0625;-35.3750;-22.3750;-29.5625;-0.2100;-2.3000;-0.9800;12.0625;-17.3750;-5.7500;16054;2707;577;-1742;
0;90;1.079926;-0.6200;1.5800;9.6500;-80.2500;-23.7500;10.2500;-36.5000;-14.5625;-32.5000;0.4800;-1.3700;-2.0700;10.9375;-9.2500;-3.6250;16235;1484;418;-1572;
0;90;1.052676;-0.4900;0.7500;9.7600;-18.0000;-6.6875;-26.7500;-40.0625;-8.7500;-33.2500;-0.7000;-2.3100;0.0200;11.7500;-4.3750;-2.8750;16280;671;348;-1682;
0;90;1.079926;-0.5000;1.1900;9.7200;44.1875;6.3750;-21.1875;-39.3750;-8.7500;-34.5625;-0.9400;-0.0300;1.0700;12.7500;-7.0000;-2.8750;16246;1042;305;-1821;
0;90;1.107177;-0.5700;2.1900;9.5400;68.7500;6.3750;-31.8750;-41.1875;-12.7500;-35.0000;-0.3300;0.2700;1.2600;14.8125;-12.9375;-3.3125;16153;1799;239;-2058;
0;90;1.066301;-0.6300;3.0600;9.2900;20.0000;15.1875;-36.1875;-39.3750;-19.3750;-35.0000;0.7100;0.5400;0.9900;17.3125;-18.2500;-3.6875;15995;2617;112;-2394;
0;90;1.066301;-1.3500;3.8600;8.9100;74.7500;52.0000;-41.1250;-39.1875;-24.1875;-33.7500;-0.1600;0.3700;0.9500;22.0000;-23.3750;-7.8750;15745;3351;442;-3016;
0;90;1.066301;-2.2000;4.8300;8.2400;99.6250;49.3125;-15.5625;-34.1875;-30.2500;-31.2500;-0.1300;0.0800;0.9900;23.3750;-30.3750;-13.0000;15391;4513;1028;-3184;
0;90;1.079926;-2.3700;5.9600;7.4100;47.1875;9.3125;34.5625;-31.5000;-33.1875;-30.0625;0.0400;0.9400;0.7500;21.5625;-38.8125;-14.0000;15079;5622;1086;-2876;
0;90;1.093552;-2.6700;6.2900;7.0200;-9.9375;63.6875;17.3125;-31.6875;-36.0625;-26.5000;-0.3000;-0.8500;-0.7000;18.6250;-41.8125;-15.8125;14978;5989;1390;-2512;
0;90;1.093552;-3.1200;5.4700;7.5000;-145.7500;102.5625;-17.2500;-28.5625;-35.0625;-29.3750;1.4700;0.0100;-1.4900;13.1250;-36.0625;-18.5625;15248;5334;2042;-1816;
0;90;1.093552;-3.7400;3.2900;8.4400;-142.7500;-4.0625;-64.4375;-25.0000;-27.0000;-34.8750;0.5500;-1.3200;-0.9300;13.8750;-21.3125;-22.4375;15657;3432;2840;-1857;
0;90;1.079926;-3.5000;1.3000;9.0600;-55.8125;-101.5625;-237.7500;-22.5000;-18.5625;-40.1875;-1.5400;-2.1600;0.6700;25.5000;-8.1250;-20.8750;15675;1741;2665;-3551;
0;90;1.093552;-2.6800;0.0600;9.4300;42.4375;-15.6875;-245.0625;-20.7500;-19.2500;-39.8750;1.9100;-0.6700;-0.3100;46.3125;-0.3750;-15.8750;14916;941;2065;-6388;
0;90;1.107177;-2.5800;0.2100;9.4500;38.5000;-19.7500;-10.8125;-14.1875;-24.5000;-39.8750;1.2000;0.2400;-0.4900;59.2500;-1.2500;-15.2500;14119;1206;1856;-8012;
0;90;1.066301;-2.8200;0.3000;9.3800;37.4375;31.0000;-21.9375;-7.5625;-28.3750;-38.0000;-0.9900;-0.0500;0.6200;64.6875;-1.8125;-16.7500;13718;1434;1868;-8644;
0;90;1.066301;-2.9800;1.0800;9.2700;43.3125;50.1875;126.8125;-5.2500;-29.7500;-36.5000;-1.1300;0.8400;0.3600;59.9375;-6.6250;-17.6875;13926;1951;1720;-8230;
0;90;1.079926;-2.8600;2.1400;9.1200;1.8125;36.6875;240.3125;-8.3750;-31.6875;-34.8750;1.2600;0.1800;-1.1800;45.8125;-13.1875;-17.0000;14826;2630;1536;-6274;
0;90;1.093552;-1.8800;3.4600;8.9700;7.5625;-7.5000;328.9375;-14.8750;-30.5625;-35.2500;3.3700;0.9200;-3.6800;22.3125;-21.0625;-11.0625;15730;3212;1008;-3110;
0;90;1.134428;-0.3600;4.1100;8.8900;30.6250;-8.2500;205.8125;-26.8750;-23.2500;-36.5000;1.0800;-0.9000;-1.2200;353.6250;-24.8125;-2.0625;15995;3448;574;613;
0;90;1.079926;0.5900;4.4600;8.7100;9.7500;0.1875;46.8750;-33.0000;-11.7500;-36.1875;1.8000;-0.5300;-0.8800;71.4375;-27.1250;3.4375;12890;2820;-2635;-9349;
0;100;1.079926;0.0200;4.4500;8.7300;-6.6250;4.0625;-113.0625;-33.1875;-9.2500;-35.8750;0.4500;-0.0600;0.2900;77.1875;-26.9375;0.1250;12541;2956;-2440;-9822;
0;80;1.079926;-0.6900;4.2000;8.8300;-36.8750;10.6875;-179.4375;-30.0000;-12.7500;-38.7500;1.4200;0.2800;-0.4800;86.0625;-25.4375;-4.0625;11675;3040;-2020;-10900;
0;90;1.120802;-1.4800;3.4400;9.0500;-24.5625;-25.1875;-167.2500;-28.8750;-15.0000;-38.7500;2.7700;0.1800;-1.1400;101.4375;-20.8125;-8.6875;10173;2840;-1471;-12439;
0;90;1.120802;-2.1500;2.3200;9.2800;17.3750;-47.4375;-36.8125;-24.8750;-21.1875;-38.2500;0.5700;-0.7500;-0.1800;116.1250;-14.0000;-12.6250;8598;2628;-660;-13681;
0;90;1.066301;-1.9900;2.1000;9.3600;-20.6875;-29.9375;-60.8125;-21.7500;-25.0625;-38.0000;-1.5300;-0.0600;1.2000;120.5000;-12.6250;-11.6875;8103;2392;-728;-14019;
0;90;1.079926;-1.7900;1.9700;9.4300;9.6875;-1.6875;-21.9375;-22.8750;-25.0625;-37.5000;-1.8800;0.3900;0.8800;122.8750;-11.8125;-10.5000;7785;2117;-734;-14241;
0;90;1.066301;-1.6900;2.7800;9.2400;73.9375;21.4375;161.6250;-22.5625;-25.3750;-36.2500;0.7900;-0.0200;-0.8100;116.5625;-16.7500;-9.9375;8484;2466;-1256;-13740;
0;90;1.093552;-1.2000;3.4900;9.0800;-4.1250;-3.8750;31.0000;-25.1875;-25.3750;-35.5000;0.2400;-0.1800;-0.1500;106.6875;-21.0000;-7.0000;9593;2599;-1775;-12904;
0;90;1.120802;-1.1600;3.3900;9.1200;-11.0000;6.4375;4.1250;-28.3750;-22.0625;-36.2500;0.0100;0.1200;0.0500;106.3125;-20.3750;-6.7500;9644;2524;-1734;-12886;
0;90;1.079926;-1.0600;3.4000;9.1300;1.3750;-1.5000;19.4375;-28.7500;-22.0625;-35.0625;0.3500;-0.3400;0.0100;105.7500;-20.4375;-6.2500;9690;2470;-1762;-12858;
1;90;1.175304;-0.9500;3.4800;9.1100;12.9375;-6.0625;30.8125;-28.2500;-21.6875;-36.6875;0.3200;0.1300;-0.2600;104.0625;-20.8750;-5.5625;9865;2459;-1814;-12720;
0;90;1.079926;-0.9400;3.5300;9.0900;6.2500;18.8750;59.0625;-29.3750;-19.8750;-36.2500;-1.4900;-0.6300;0.6300;100.6250;-21.2500;-5.5000;10267;2543;-1803;-12382;
0;90;1.120802;-0.6800;3.8500;8.9900;14.3125;9.1875;98.0000;-29.5000;-19.5000;-36.6875;-0.1700;-0.3900;0.1900;91.7500;-23.1875;-3.9375;11164;2707;-1956;-11517;
0;90;1.120802;0.0000;4.2300;8.8400;22.3125;-6.0625;57.0000;-31.5625;-15.8750;-36.6875;1.2200;0.1800;-1.2500;83.3750;-25.5625;0.0000;11901;2695;-2401;-10667;
0;90;1.093552;-0.2000;4.1400;8.8800;-12.0625;-10.0625;-57.4375;-33.0000;-14.0625;-35.5625;0.9900;0.2500;-0.2400;86.0625;-25.0000;-1.1875;11739;2720;-2308;-10858;
0;90;1.079926;-0.7000;3.6700;9.0600;-52.9375;-38.1875;-223.7500;-30.6875;-15.8750;-36.3750;0.9600;-0.1600;-0.4400;96.6250;-22.8125;-3.6250;10674;2552;-2063;-11988;
0;90;1.093552;-1.5800;2.3100;9.3900;-47.0625;-17.0000;-210.8125;-27.3750;-23.5000;-36.3750;0.3400;-0.8500;0.2500;119.3125;-13.8125;-9.2500;8185;2140;-1016;-13994;
0;90;1.107177;-1.8400;1.5500;9.5000;-2.0000;-8.1875;-68.0000;-22.2500;-25.2500;-38.0625;-0.5800;-0.6100;0.4600;129.6250;-9.2500;-10.8125;6917;1958;-524;-14713;
0;90;1.107177;-1.7700;1.7400;9.4800;24.0625;-6.6250;33.1875;-17.0625;-26.7500;-38.0625;-0.6800;-1.1600;1.0500;130.8750;-10.0000;-10.5000;6753;1959;-655;-14784;
0;90;1.093552;-1.8700;2.8000;9.2000;41.7500;44.5000;199.1250;-18.3750;-29.0000;-37.1875;1.0800;-0.2200;-0.4400;119.5625;-16.1250;-11.1875;8119;2537;-1145;-13956;
0;90;1.107177;-1.4500;3.4600;9.0500;16.5625;18.0000;147.1875;-24.0000;-24.5625;-37.5625;-1.0400;-0.7200;0.7000;105.4375;-20.5000;-8.8750;9736;2782;-1520;-12790;
0;90;1.093552;-0.8700;3.8700;8.9600;3.9375;-4.7500;80.5625;-28.7500;-20.1875;-36.7500;0.7500;-0.1800;-0.0600;94.0625;-23.3750;-5.1250;10924;2804;-1912;-11730;
0;90;1.120802;-0.4600;3.9600;8.9500;6.2500;-10.9375;28.8125;-30.5000;-17.2500;-36.7500;0.6100;-0.2100;-0.0800;90.6250;-23.8750;-2.6875;11263;2662;-2135;-11399;
0;90;1.093552;-0.5000;3.9200;8.9700;-7.3125;-0.5000;-14.6875;-30.7500;-16.1875;-37.1875;0.0800;-0.5200;0.0300;91.3125;-23.5625;-2.9375;11204;2649;-2094;-11467;
0;90;1.093552;-0.6000;3.9000;8.9700;-9.7500;0.5625;-24.6875;-30.7500;-16.8750;-36.7500;0.1800;0.2900;-0.1700;92.6250;-23.5000;-3.5000;11074;2674;-2055;-11594;
0;90;1.107177;-0.6500;3.8600;8.9800;6.0625;-4.0625;-0.6875;-29.7500;-17.5625;-36.7500;0.0300;-0.5500;0.1200;94.3125;-23.2500;-3.8125;10902;2653;-2040;-11763;
1;90;1.188929;-0.6200;3.9000;8.9700;-1.6250;-1.5625;-8.2500;-31.1875;-18.0000;-36.7500;-0.3600;0.7300;-0.1200;94.5625;-23.5000;-3.6250;10873;2656;-2090;-11781;
0;90;1.120802;-0.6600;3.9100;8.9600;-2.6875;-1.2500;-10.3125;-29.7500;-18.3750;-36.0000;0.4000;0.2700;-0.2500;95.1250;-23.5625;-3.8750;10813;2678;-2083;-11832;
0;90;1.107177;-0.7200;3.6700;9.0600;-16.1875;-30.9375;-73.5000;-29.3750;-18.3750;-36.3750;0.6100;-0.1200;0.1900;98.6875;-22.0625;-4.2500;10464;2508;-1972;-12197;
0;90;1.120802;-1.0900;3.0900;9.2400;-56.9375;-17.0000;-202.5625;-29.3750;-20.1875;-36.7500;0.7800;-0.4600;-0.1600;110.4375;-18.5000;-6.3750;9208;2256;-1625;-13263;
0;90;1.107177;-1.9600;1.8900;9.4100;-19.8750;-9.9375;-161.1250;-22.3750;-25.6875;-37.1875;-2.2600;0.6300;1.4600;129.6250;-11.3125;-11.5625;6902;2182;-738;-14680;
0;90;1.093552;-2.0800;1.8700;9.3900;29.9375;15.3750;-39.3125;-17.6875;-28.8750;-36.0000;-2.3500;1.8200;1.3800;134.0000;-11.2500;-12.2500;6334;2241;-772;-14923;
0;90;1.107177;-2.2900;2.2200;9.2700;35.1875;32.7500;89.0625;-17.0000;-30.2500;-36.7500;-0.7500;-0.0200;0.1600;130.6250;-13.5000;-13.5000;6748;2553;-902;-14682;
0;90;1.107177;-2.2200;3.2600;8.9700;18.2500;66.0625;221.4375;-19.6875;-29.0625;-36.3750;0.7000;-0.1300;-0.7000;115.1875;-19.9375;-13.0625;8591;3095;-1338;-13537;
0;90;1.107177;-1.4700;4.2400;8.7100;35.0625;-10.0000;157.3125;-23.0625;-24.3750;-36.7500;-0.0600;-0.1800;0.2300;98.3125;-25.9375;-8.6250;10408;3341;-1934;-12050;
0;90;1.107177;-0.2800;4.8800;8.5000;-10.0625;20.1875;119.6250;-29.6875;-19.1875;-35.5625;0.9000;0.1300;-0.2600;85.2500;-29.8125;-1.6250;11642;3272;-2678;-10725;
0;90;1.107177;0.3200;4.8600;8.5100;18.1250;-4.1250;82.7500;-33.1875;-14.8750;-37.1875;0.6000;-1.1700;0.2000;77.7500;-29.6875;1.8125;12322;3097;-2855;-9943;
0;90;1.107177;0.9000;5.3600;8.1500;19.5625;-29.3750;-6.1250;-34.1875;-12.6875;-35.6875;2.8900;0.3200;-0.9000;74.4375;-33.3125;5.2500;12483;3253;-3461;-9489;
0;90;1.093552;-0.2400;5.0500;8.3900;-76.1250;26.0000;-226.0000;-35.1875;-13.3750;-34.0000;0.8400;-0.4600;-0.8900;87.8750;-31.0625;-1.3750;11366;3304;-2893;-10953;
0;90;1.093552;-1.7200;3.6400;8.9400;-76.3750;-8.4375;-218.4375;-28.2500;-21.7500;-36.0625;0.3300;-0.4700;0.1700;108.0000;-22.1250;-10.0625;9410;3020;-1655;-12963;
0;90;1.120802;-2.4200;2.1300;9.2500;-43.8750;-19.3750;-124.5625;-19.7500;-25.8750;-39.0000;-0.6500;-0.4100;0.4700;124.0625;-13.0000;-14.2500;7571;2662;-638;-14270;
0;90;1.107177;-2.2400;1.4800;9.4300;-18.4375;-17.3750;-53.3750;-16.5000;-26.8750;-39.2500;-1.9500;-0.2000;1.4600;131.3750;-8.9375;-13.1875;6673;2238;-366;-14791;
0;90;1.134428;-1.8300;2.4400;9.3100;81.5625;-4.1875;189.2500;-15.6875;-27.2500;-39.2500;1.3900;0.1400;-0.9600;123.8750;-14.6875;-10.7500;7605;2341;-1098;-14280;
0;90;1.093552;-1.4100;3.2300;9.1400;18.5625;-7.4375;78.0625;-23.7500;-26.8750;-36.0625;-1.2200;-0.5300;0.5000;114.7500;-19.4375;-8.2500;8677;2491;-1672;-13570;
0;90;1.107177;-0.7700;4.1300;8.8500;37.0000;16.6875;106.5625;-26.0000;-25.0625;-34.7500;0.0600;0.7800;-0.2300;103.8750;-25.0000;-4.5000;9850;2702;-2378;-12588;
0;90;1.107177;-0.4000;4.4300;8.7300;16.1250;19.8125;95.3125;-28.5000;-22.1875;-33.1875;0.4400;-0.6400;-0.2100;94.9375;-26.8750;-2.3125;10768;2832;-2573;-11740;
0;90;1.120802;0.2600;4.9100;8.4800;53.5000;-51.4375;27.1250;-33.2500;-18.8750;-35.2500;1.7300;0.7000;-1.0800;88.8750;-30.0625;1.5000;11296;2879;-3139;-11077;
0;90;1.148053;0.3000;5.0500;8.3900;-33.8750;2.3125;-53.6250;-33.8750;-19.5625;-32.7500;0.5900;0.6600;-0.4700;91.9375;-31.0625;1.7500;10969;2860;-3337;-11349;
0;90;1.107177;-0.1900;4.6800;8.6100;-25.8125;-1.3125;-55.7500;-33.8750;-21.3750;-33.1875;0.9600;0.1000;-0.5200;97.1250;-28.5000;-1.0625;10507;2798;-2920;-11903;
0;90;1.120802;-0.8300;3.9500;8.9300;-80.9375;-31.6875;-216.1250;-30.1875;-22.8750;-34.7500;-0.3000;-0.0400;-0.7600;107.5625;-23.8125;-4.8750;9461;2573;-2305;-12922;
0;90;1.107177;-1.5900;2.1100;9.4400;-86.4375;-5.8750;-207.1875;-24.0625;-26.5625;-35.6875;-0.9100;-0.8100;0.9300;127.3125;-12.5625;-9.3125;7202;1997;-999;-14546;
0;90;1.107177;-1.7000;1.5700;9.5200;32.7500;-3.0625;17.0625;-16.3750;-28.3750;-37.7500;-0.3500;-0.5600;0.2500;134.3125;-9.3750;-9.9375;6308;1833;-666;-14995;
0;90;1.148053;-1.5800;2.3300;9.3900;27.6875;0.8750;42.4375;-16.0000;-29.0625;-38.5625;0.4900;0.6700;-0.5600;129.5625;-13.9375;-9.2500;6900;2047;-1212;-14668;
0;90;1.107177;-1.5300;2.5300;9.3400;17.5625;-10.6875;26.6250;-20.6875;-29.8750;-36.8750;0.0200;0.4000;0.0100;127.8125;-15.1875;-9.0000;7116;2109;-1356;-14543;
0;100;1.188929;-1.3900;2.7900;9.2900;8.1250;13.3750;33.5625;-20.3750;-29.8750;-35.3750;0.4600;-0.5900;0.1300;124.3750;-16.6875;-8.1250;7538;2143;-1542;-14305;
0;80;1.134428;-1.4200;2.9600;9.2300;2.6250;0.6250;8.0000;-20.6875;-28.3750;-36.1875;0.2300;-0.1200;-0.0100;122.9375;-17.7500;-8.3125;7710;2263;-1630;-14185;
0;90;1.120802;-1.4700;3.0300;9.2000;5.9375;7.9375;3.0000;-20.6875;-28.7500;-35.2500;-0.2900;-0.3100;0.0600;122.5625;-18.1875;-8.6250;7749;2337;-1655;-14149;
0;90;1.175304;-1.5500;3.3100;9.0900;18.3750;12.3750;24.5625;-21.7500;-28.7500;-35.2500;0.1500;0.3300;-0.2800;120.1875;-20.0000;-9.1250;8016;2555;-1787;-13945;
0;90;1.120802;-1.5800;3.4100;9.0500;2.1250;-3.3125;2.2500;-21.5000;-29.0625;-35.6875;0.3700;-0.1100;-0.0100;119.6875;-20.6875;-9.3125;8067;2633;-1840;-13894;
0;90;1.120802;-1.5700;3.4900;9.0200;2.5625;2.8125;2.1250;-21.7500;-29.0625;-35.2500;0.0100;0.1300;-0.1600;119.3125;-21.1250;-9.2500;8104;2663;-1889;-13860;
1;90;1.216179;-1.6200;3.5000;9.0100;4.5625;6.3125;0.9375;-21.7500;-29.5000;-34.0000;-0.0400;0.0100;-0.2000;119.1875;-21.2500;-9.5000;8115;2695;-1881;-13848;
0;90;1.120802;-1.6100;3.5400;8.9900;-0.3750;-1.8750;4.0000;-22.5625;-29.5000;-34.7500;0.2300;0.0600;0.0000;118.8125;-21.5000;-9.4375;8150;2727;-1902;-13819;
0;90;1.188929;-1.6100;3.5600;8.9900;0.6875;3.9375;12.6875;-22.1875;-29.5000;-35.2500;0.2100;0.0800;-0.2300;117.8125;-21.6250;-9.4375;8276;2748;-1900;-13740;
0;90;1.134428;-1.6300;3.5800;8.9800;0.5625;6.6875;9.9375;-22.1875;-29.0625;-35.6875;0.1000;0.5800;-0.1000;117.0625;-21.6875;-9.5625;8364;2787;-1880;-13681;
0;90;1.148053;-1.6000;3.5700;8.9900;0.0000;-4.7500;0.0000;-23.2500;-28.7500;-35.2500;0.0000;0.4400;0.1500;116.6875;-21.6250;-9.3750;8411;2764;-1879;-13657;
0;90;1.120802;-1.4500;3.5500;9.0200;0.1250;-5.1250;12.5000;-21.7500;-28.3750;-35.2500;0.5400;0.1300;-0.5200;115.8125;-21.5000;-8.5000;8512;2671;-1905;-13609;
0;90;1.134428;-1.4200;3.3000;9.1200;-30.0625;18.6875;28.6250;-23.6875;-27.6875;-36.0625;-0.6800;-0.6700;0.1900;115.5000;-19.8750;-8.3125;8541;2527;-1777;-13636;
0;90;1.175304;-1.5400;3.1800;9.1400;-9.8750;6.7500;42.6250;-24.0625;-26.1875;-36.5000;0.3600;0.6700;-0.3100;109.6875;-19.1875;-9.0625;9222;2640;-1463;-13202;
0;90;1.120802;-1.4800;2.9700;9.2200;-33.0625;34.6250;52.1250;-24.6875;-22.8750;-38.5000;-0.2100;0.5000;0.1500;104.5000;-17.8125;-8.6250;9809;2533;-1280;-12813;
0;90;1.120802;-1.8300;2.7800;9.2200;-2.7500;38.5000;12.1250;-25.0625;-18.8750;-38.5000;0.9200;-0.9800;0.3000;100.7500;-16.7500;-10.7500;10272;2670;-860;-12452;
0;90;1.134428;-2.1500;2.8000;9.1400;-7.7500;16.6875;7.7500;-24.0625;-17.7500;-40.5625;-0.3500;-0.6600;0.3900;98.6875;-17.0000;-12.6875;10476;2934;-637;-12234;
0;90;1.148053;-2.2900;2.7900;9.1100;9.1250;1.3125;-14.3750;-22.5625;-17.0625;-41.3750;0.3500;0.2400;-0.1100;99.3750;-17.0625;-13.5000;10429;3017;-548;-12259;
0;90;1.188929;-2.3300;2.9800;9.0400;23.0000;1.6875;2.6250;-23.6875;-17.7500;-41.3750;0.0700;-0.0900;-0.0100;100.1875;-18.1875;-13.7500;10304;3135;-650;-12329;
0;90;1.120802;-2.3100;3.2500;8.9500;19.0625;-12.1250;-0.5000;-22.5000;-18.8750;-40.1875;0.3800;0.5900;-0.2900;101.0000;-19.9375;-13.6250;10193;3289;-856;-12369;
0;90;1.120802;-2.2700;3.2600;8.9600;-10.0625;5.3125;-5.5625;-22.7500;-20.3750;-39.2500;0.0900;0.1200;-0.1300;101.5000;-20.0000;-13.3750;10139;3269;-949;-12412;
0;90;1.134428;-2.3400;3.1300;8.9900;-12.8750;9.2500;7.7500;-22.7500;-20.6875;-39.7500;-0.1400;-0.0200;0.4000;100.8125;-19.1875;-13.8125;10210;3247;-804;-12370;
0;90;1.134428;-2.3400;3.0800;9.0000;0.9375;-3.0625;3.3750;-23.5625;-20.3750;-39.2500;-0.2400;0.2400;0.1700;99.7500;-18.8750;-13.7500;10334;3226;-724;-12276;
0;90;1.175304;-2.2300;3.0900;9.0300;7.5625;-7.5000;-7.0000;-24.0000;-18.1875;-39.7500;-0.0500;0.0800;-0.4300;99.7500;-18.8750;-13.1250;10356;3156;-781;-12272;
0;90;1.134428;-1.8300;3.1900;9.0800;7.8750;-30.4375;13.4375;-24.0000;-18.8750;-39.0000;-0.5800;-0.1500;-0.2900;99.3750;-19.3125;-10.7500;10389;2977;-1024;-12272;
0;90;1.148053;-1.3200;3.2300;9.1600;-10.6250;-13.8125;-7.1250;-25.7500;-17.7500;-37.6875;0.5900;-0.3100;-0.3900;98.5625;-19.3750;-7.7500;10515;2665;-1348;-12204;
0;90;1.134428;-1.0100;2.9600;9.2900;-16.1250;-32.8750;-27.6875;-29.3750;-17.3750;-36.5000;0.2900;0.6700;-0.4300;99.6250;-17.8750;-6.1250;10426;2318;-1371;-12348;
0;90;1.134428;-0.8200;2.4600;9.4500;-35.0000;-14.2500;-19.8125;-28.2500;-17.0625;-36.8750;0.1700;-0.0300;0.1800;102.5000;-14.9375;-4.8750;10156;1882;-1216;-12660;
0;90;1.188929;-0.8500;2.1700;9.5200;-16.8750;7.3750;-18.8125;-29.0625;-16.6875;-36.5000;-0.2300;-0.5000;0.6500;104.0000;-12.8750;-4.9375;10024;1700;-1031;-12806;
0;90;1.134428;-0.8900;2.2800;9.4900;9.5000;-2.1875;-1.5625;-29.5000;-17.3750;-36.8750;0.4700;0.8200;-0.3800;104.1875;-13.5000;-5.2500;9985;1772;-1040;-12826;
0;90;1.134428;-0.9000;2.3300;9.4800;3.0625;3.3750;9.8125;-29.3750;-17.3750;-37.6875;-0.2200;0.0700;0.0000;103.8125;-13.8125;-5.2500;10011;1804;-1075;-12799;
0;90;1.175304;-0.7800;2.4000;9.4700;0.1250;-5.5000;9.0000;-29.3750;-17.0625;-36.0625;0.3600;0.4900;-0.6800;103.0625;-14.2500;-4.6250;10105;1791;-1172;-12718;
0;90;1.175304;-0.7700;2.4000;9.4700;4.1875;3.9375;8.0000;-30.5000;-16.6875;-34.5000;0.2200;0.1500;-0.3400;102.6875;-14.1875;-4.5000;10143;1771;-1176;-12690;
0;90;1.216179;-0.8000;2.3200;9.4900;-1.6875;0.0625;-9.0000;-30.5000;-16.2500;-36.0625;-0.2200;-0.1100;0.0000;102.9375;-13.6875;-4.6875;10131;1750;-1112;-12708;
0;90;1.148053;-0.7800;2.3500;9.4800;-4.8125;2.0000;-2.0000;-29.0625;-16.6875;-37.2500;-0.0100;0.1400;0.0800;103.1875;-13.9375;-4.5625;10093;1751;-1152;-12735;
0;90;1.148053;-0.7700;2.3700;9.4800;2.6875;-0.5625;3.2500;-29.7500;-17.0625;-36.8750;0.2500;-0.0800;-0.3300;103.0000;-14.0625;-4.5000;10111;1753;-1160;-12720;
0;90;1.188929;-0.7900;2.4100;9.4700;6.6250;3.6875;-0.3125;-29.7500;-17.0625;-36.8750;0.0900;0.0200;-0.1100;103.1250;-14.3125;-4.5625;10093;1787;-1182;-12727;
0;90;1.243430;-0.8100;2.5100;9.4400;4.5000;1.7500;-0.3750;-29.5000;-17.0625;-37.6875;0.1500;0.3500;-0.0500;103.3125;-14.8750;-4.7500;10068;1854;-1235;-12732;
0;90;1.243430;-0.8100;2.5500;9.4300;5.0000;-0.8750;1.1875;-29.7500;-17.0625;-36.5000;0.1100;0.3400;0.0200;103.3750;-15.1250;-4.7500;10058;1874;-1257;-12735;
0;90;1.216179;-0.8100;2.5600;9.4200;2.8125;0.0000;-2.9375;-30.0625;-17.7500;-36.8750;0.2900;0.2900;-0.1300;103.3125;-15.1875;-4.6875;10069;1877;-1268;-12725;
0;90;1.134428;-0.8200;2.6200;9.4100;7.6875;4.9375;2.1875;-29.0625;-18.1875;-38.1875;0.2100;0.1800;-0.3700;103.1250;-15.5625;-4.7500;10076;1910;-1302;-12711;
0;90;1.120802;-0.9100;2.6600;9.3900;1.7500;0.6250;-0.1875;-29.3750;-18.1875;-36.8750;-0.2900;-0.1000;0.1500;103.0000;-15.8125;-5.3125;10085;2000;-1281;-12692;
0;90;1.161678;-0.9100;2.7100;9.3700;1.0625;3.8125;-2.3125;-29.3750;-17.7500;-36.0625;0.5200;0.0100;-0.1900;103.3125;-16.1250;-5.3125;10052;2026;-1319;-12710;
0;90;1.188929;-0.9800;2.7300;9.3600;0.3125;-1.3750;-5.5625;-29.0625;-18.1875;-36.8750;0.1700;-0.0200;-0.0900;103.4375;-16.2500;-5.7500;10034;2090;-1300;-12716;
0;90;1.134428;-1.0000;2.7600;9.3500;3.8750;3.7500;2.8750;-29.0625;-18.8750;-36.8750;0.0100;0.2300;-0.1100;103.6250;-16.4375;-5.8750;10003;2104;-1309;-12738;
0;90;1.134428;-1.0100;2.7600;9.3500;2.0000;-3.0000;-3.6875;-29.0625;-18.8750;-36.0625;0.3100;-0.0500;-0.1900;103.7500;-16.4375;-5.9375;9998;2119;-1304;-12739;
0;90;1.148053;-1.0200;2.7700;9.3500;4.3750;0.9375;1.0000;-28.6875;-19.1875;-36.5000;0.1300;-0.1700;-0.0700;103.8125;-16.5000;-5.9375;9985;2127;-1311;-12747;
0;90;1.161678;-1.0400;2.8300;9.3200;0.0000;2.0000;-4.1875;-27.1875;-20.0000;-36.5000;0.1100;-0.0900;-0.1000;103.9375;-16.8750;-6.1250;9970;2175;-1342;-12748;
0;90;1.202554;-1.0800;2.8500;9.3200;-0.3750;-3.3750;-6.0625;-28.2500;-19.1875;-36.8750;0.2500;-0.0300;-0.0900;104.2500;-17.0000;-6.3125;9938;2205;-1341;-12768;
0;90;1.148053;-1.1400;2.8300;9.3100;1.0625;4.5625;2.2500;-28.0000;-19.5625;-36.5000;-0.1900;-0.0400;0.2700;104.6875;-16.9375;-6.6250;9880;2226;-1314;-12812;
0;90;1.175304;-1.1600;2.8100;9.3200;-5.5000;0.5625;-2.6875;-28.6875;-19.5625;-39.0000;0.0900;0.0000;0.0100;104.9375;-16.7500;-6.8125;9857;2236;-1291;-12830;
0;90;1.229805;-1.1400;2.8300;9.3100;-1.1250;-2.5000;0.6250;-28.2500;-19.1875;-36.8750;0.1000;0.3200;-0.0900;104.7500;-16.9375;-6.6250;9871;2230;-1313;-12818;
0;90;1.284306;-1.1100;2.8300;9.3100;2.3750;0.9375;7.7500;-28.6875;-19.5625;-37.6875;0.1200;0.2000;-0.1900;104.6875;-16.9375;-6.5000;9882;2216;-1323;-12811;
0;90;1.257055;-1.1400;2.8400;9.3100;0.0625;4.1250;3.6875;-28.0000;-18.8750;-36.8750;0.2000;0.2700;0.0200;104.5000;-17.0000;-6.6875;9897;2236;-1315;-12797;
0;100;1.202554;-1.1500;2.8200;9.3200;-1.3750;-0.1875;5.1250;-28.2500;-20.3750;-36.8750;0.2100;-0.0700;-0.1800;104.1250;-16.8125;-6.6875;9935;2238;-1286;-12770;
0;80;1.148053;-1.1400;2.8100;9.3200;2.8750;0.1250;2.0625;-29.0625;-20.3750;-36.5000;0.1600;0.0600;-0.0500;104.0000;-16.7500;-6.6875;9959;2229;-1272;-12754;
0;90;1.148053;-1.1500;2.8400;9.3100;-0.2500;2.0625;1.8125;-28.6875;-19.5625;-37.2500;0.0400;0.0300;0.0400;103.7500;-16.9375;-6.6875;9980;2250;-1295;-12731;
0;90;1.202554;-1.1400;2.8700;9.3000;0.1875;1.6250;5.8125;-28.6875;-18.8750;-36.8750;0.0700;0.0200;0.0000;103.5000;-17.1250;-6.6250;10010;2263;-1310;-12704;
0;90;1.229805;-1.1300;2.8600;9.3100;0.7500;0.0000;3.0000;-28.0000;-18.5625;-36.8750;0.3000;0.1200;-0.1000;103.1875;-17.0625;-6.5625;10041;2253;-1303;-12682;
0;90;1.161678;-1.1100;2.8600;9.3100;2.7500;-3.8750;-0.5625;-28.0000;-19.1875;-37.2500;0.1800;0.1200;-0.2800;102.8750;-17.0625;-6.5000;10078;2254;-1301;-12652;
0;90;1.161678;-1.1000;2.8800;9.3000;6.1875;2.3750;4.7500;-28.6875;-18.8750;-37.6875;0.2300;-0.1400;0.1100;103.0625;-17.2500;-6.4375;10054;2248;-1326;-12670;
0;90;1.161678;-1.1100;2.9300;9.2900;1.6250;-1.8125;-2.3750;-28.6875;-18.5625;-36.8750;-0.2500;0.0900;0.2400;103.1875;-17.5000;-6.4375;10037;2277;-1362;-12675;
0;90;1.175304;-1.0400;2.9900;9.2800;6.3125;-2.7500;-7.1875;-28.6875;-19.5625;-37.6875;0.0000;0.3200;-0.2900;103.3125;-17.8750;-6.0625;10025;2265;-1441;-12678;
0;90;1.202554;-1.0100;3.0500;9.2600;1.6875;-5.3125;-8.4375;-28.2500;-19.5625;-36.8750;0.4200;0.2800;-0.3700;103.4375;-18.2500;-5.8750;10012;2280;-1500;-12679;
0;90;1.161678;-1.0300;3.0900;9.2400;-1.4375;3.2500;-0.4375;-28.6875;-20.3750;-36.5000;0.1600;-0.0100;0.0700;103.3125;-18.5000;-6.0000;10011;2312;-1520;-12671;
0;90;1.148053;-1.0500;3.0800;9.2400;-2.4375;-0.4375;-0.2500;-29.7500;-20.3750;-36.0625;0.1400;-0.1600;-0.0900;103.3125;-18.4375;-6.1250;10018;2328;-1501;-12665;
0;90;1.161678;-1.0700;3.0900;9.2400;0.7500;3.0625;2.0625;-28.0000;-20.0000;-37.6875;-0.0500;0.0500;-0.0100;103.1875;-18.5000;-6.2500;10026;2343;-1489;-12657;
0;90;1.202554;-1.0900;3.0700;9.2400;6.0625;-1.5000;-0.3125;-28.6875;-19.5625;-36.8750;0.0400;0.1600;0.0000;103.5625;-18.3750;-6.3750;9985;2342;-1477;-12691;
0;90;1.216179;-1.1200;3.0800;9.2400;0.5000;-0.1250;-4.5625;-29.0625;-20.3750;-37.6875;-0.1000;0.2800;0.0200;103.8750;-18.3750;-6.5625;9955;2359;-1470;-12713;
0;90;1.134428;-1.1300;3.0900;9.2300;-1.4375;3.1250;-3.1250;-27.5625;-20.0000;-37.6875;-0.0800;0.2200;-0.0500;104.0625;-18.5000;-6.6250;9932;2370;-1479;-12727;
0;90;1.148053;-1.1600;3.0700;9.2300;-1.0000;0.1875;-4.0000;-28.0000;-20.6875;-37.6875;0.0300;-0.1400;-0.1000;104.1875;-18.3750;-6.7500;9915;2379;-1452;-12742;
0;90;1.148053;-1.1900;3.0700;9.2300;0.5000;2.3125;-2.5000;-28.6875;-20.6875;-36.8750;0.0000;0.0200;0.1700;104.5625;-18.3750;-7.0000;9873;2400;-1443;-12771;
0;90;1.175304;-1.2600;3.0600;9.2200;0.0625;4.5000;-1.5625;-28.6875;-20.6875;-37.2500;-0.0800;-0.1200;0.1800;104.9375;-18.3125;-7.3750;9833;2432;-1409;-12800;
0;90;1.216179;-1.2900;3.0600;9.2200;-0.8125;0.7500;-4.8750;-28.2500;-21.0625;-37.2500;0.0100;0.0000;-0.1200;105.1875;-18.3125;-7.5625;9807;2447;-1401;-12819;
0;90;1.229805;-1.3100;3.0400;9.2200;-3.6875;-3.9375;-8.6875;-27.5625;-21.7500;-36.8750;0.0200;0.1300;0.0800;105.4375;-18.2500;-7.6875;9779;2459;-1382;-12839;
0;90;1.148053;-1.3300;3.0000;9.2300;-3.3750;2.0000;-2.0625;-27.1875;-21.5000;-37.2500;-0.0200;-0.0600;0.0300;105.7500;-18.0000;-7.7500;9744;2439;-1357;-12872;
0;90;1.188929;-1.2900;3.0100;9.2400;-0.7500;-5.3750;5.8125;-28.6875;-22.1875;-39.0000;-0.1100;0.6400;0.0500;105.7500;-18.0625;-7.5625;9745;2416;-1376;-12874;
0;90;1.202554;-1.2600;2.8800;9.2800;1.6875;2.6875;4.6875;-28.2500;-21.5000;-37.2500;0.2000;-0.3900;-0.3500;105.7500;-17.1875;-7.3750;9752;2326;-1300;-12893;
0;90;1.284306;-1.3100;2.9300;9.2600;0.3750;2.2500;-0.1250;-27.1875;-21.5000;-37.2500;-0.2000;0.1100;0.2500;105.4375;-17.5000;-7.6875;9783;2386;-1304;-12858;
0;90;1.188929;-1.2500;2.9300;9.2700;-3.3125;-3.1875;2.1875;-28.0000;-21.5000;-37.2500;0.1500;0.0900;-0.1800;105.1250;-17.5000;-7.3750;9814;2363;-1326;-12836;
0;90;1.188929;-1.2300;2.9100;9.2800;-2.4375;0.3750;1.2500;-28.0000;-20.6875;-37.6875;0.1500;-0.1500;-0.0800;104.9375;-17.3750;-7.2500;9844;2337;-1319;-12819;
0;90;1.175304;-1.2300;2.9100;9.2800;4.2500;0.7500;4.0625;-27.1875;-20.0000;-38.1875;0.0900;0.6100;-0.0900;104.9375;-17.4375;-7.1875;9840;2334;-1323;-12822;
0;90;1.188929;-1.2300;2.8900;9.2800;0.7500;0.3125;7.8750;-28.6875;-21.0625;-37.2500;0.0300;0.3000;-0.0400;104.6875;-17.3125;-7.1875;9875;2323;-1306;-12799;
0;90;1.243430;-1.2000;2.8700;9.2900;-2.1875;0.6250;6.1875;-29.5000;-20.3750;-36.8750;-0.1800;0.5200;0.0400;104.0000;-17.1250;-7.0625;9944;2306;-1290;-12750;
0;90;1.175304;-1.1600;2.8000;9.3200;-4.9375;1.0625;0.0000;-28.0000;-18.8750;-36.8750;0.2100;0.4100;-0.4100;103.5625;-16.7500;-6.8125;10005;2249;-1262;-12716;
0;90;1.188929;-1.2100;2.7100;9.3400;-0.5000;1.7500;6.1250;-28.2500;-18.8750;-38.1875;0.4800;0.2100;-0.2900;103.3125;-16.1250;-7.1250;10034;2227;-1160;-12707;
0;90;1.188929;-1.3000;2.6200;9.3500;-10.6250;9.5625;10.7500;-28.0000;-17.7500;-38.1875;-0.1200;-0.0800;0.0700;102.6875;-15.6250;-7.6250;10114;2247;-1042;-12649;
0;90;1.188929;-1.3900;2.5200;9.3700;-2.0625;7.7500;8.6250;-28.6875;-17.0625;-37.6875;-0.0600;-0.1900;-0.0800;102.1875;-15.0625;-8.1250;10172;2257;-923;-12610;
0;90;1.229805;-1.4200;2.4900;9.3700;-3.5625;2.4375;-0.5625;-28.0000;-16.6875;-38.5000;-0.2600;-0.0200;0.0500;101.8125;-14.8750;-8.3750;10209;2264;-877;-12583;
0;90;1.161678;-1.4100;2.5000;9.3700;-2.7500;3.2500;4.3750;-28.6875;-17.3750;-39.0000;0.0900;0.0800;-0.1100;101.2500;-14.8750;-8.3125;10266;2265;-876;-12535;
0;90;1.148053;-1.4800;2.4600;9.3700;-3.8125;7.0000;-7.1250;-28.0000;-16.6875;-38.5000;0.0000;-0.5400;0.2200;101.2500;-14.6875;-8.6250;10279;2282;-830;-12525;
0;90;1.188929;-1.5200;2.4400;9.3700;-4.3125;-2.0000;-8.0625;-26.5000;-16.6875;-38.1875;-0.0900;0.2100;-0.0600;101.4375;-14.5625;-8.9375;10252;2303;-781;-12546;
0;90;1.188929;-1.4800;2.3600;9.4000;-3.1250;-7.1875;-9.2500;-27.1875;-16.6875;-37.6875;0.1900;-0.0400;-0.1200;102.0625;-14.0625;-8.6875;10196;2228;-762;-12607;
0;90;1.243430;-1.4500;2.2400;9.4300;-1.0000;-7.6875;-11.3750;-28.2500;-16.6875;-39.0000;0.1400;-0.3300;-0.2700;103.5000;-13.3125;-8.5000;10060;2137;-722;-12734;
0;90;1.175304;-1.4800;2.3100;9.4100;8.6875;2.1250;-0.5625;-26.8750;-18.1875;-38.1875;-0.0300;0.3900;0.0900;103.7500;-13.7500;-8.6875;10011;2184;-754;-12762;
0;90;1.202554;-1.4700;2.2800;9.4200;-2.7500;-1.4375;-3.6875;-26.5000;-17.0625;-39.0000;0.1900;-0.0400;-0.2400;103.8750;-13.6250;-8.6250;10000;2170;-755;-12773;
0;90;1.216179;-1.5000;2.2800;9.4100;-0.3750;1.5625;-0.8750;-26.0625;-17.3750;-39.0000;0.0800;0.0600;-0.0400;103.7500;-13.6250;-8.7500;10009;2186;-737;-12764;
0;90;1.202554;-1.5200;2.2500;9.4100;-0.0625;1.3750;-8.8750;-26.8750;-17.3750;-38.5000;0.0800;0.0000;-0.0400;104.4375;-13.4375;-8.9375;9937;2188;-715;-12821;
0;90;1.202554;-1.5200;2.2600;9.4200;-1.2500;-4.7500;-4.8125;-26.0625;-17.7500;-39.2500;-0.1900;0.1300;0.0800;104.6250;-13.4375;-8.8750;9917;2181;-725;-12837;
0;90;1.175304;-1.4700;2.1700;9.4400;-6.0625;-4.1875;-13.0625;-26.5000;-17.7500;-38.5000;0.1900;0.1900;-0.2100;105.3125;-12.9375;-8.6250;9847;2100;-706;-12906;
0;90;1.161678;-1.4500;2.1100;9.4600;-4.1875;-1.3125;-0.6250;-26.5000;-17.3750;-38.5000;0.1300;0.0800;0.0200;105.8125;-12.5625;-8.5000;9793;2050;-684;-12956;
0;90;1.202554;-1.4200;2.0600;9.4800;-3.8125;0.8125;-2.2500;-26.8750;-16.6875;-39.7500;0.1300;-0.4300;-0.1800;105.8750;-12.2500;-8.3125;9789;2007;-662;-12967;
0;90;1.202554;-1.4200;2.0600;9.4800;3.4375;0.9375;3.6250;-26.0625;-17.7500;-39.0000;0.0900;0.0600;-0.0600;106.0625;-12.2500;-8.3125;9767;2003;-673;-12984;
0;90;1.202554;-1.3500;1.9900;9.5000;-4.5000;-7.3750;-3.0000;-26.8750;-17.3750;-39.7500;-0.1400;-0.2600;0.1000;106.5000;-11.8750;-8.0000;9722;1929;-662;-13029;
0;90;1.188929;-1.3500;1.7500;9.5500;-33.3750;5.8750;-0.8125;-28.6875;-17.7500;-38.1875;0.7600;0.2200;-0.7700;106.5000;-10.8125;-7.7500;9732;1810;-563;-13043;
0;90;1.161678;-2.2200;0.3400;9.5400;-105.1250;76.2500;-49.8125;-25.0000;-14.5000;-41.3750;0.2200;-0.6300;-0.7800;108.1250;-3.1250;-12.3750;9554;1690;681;-13184;
0;90;1.188929;-2.7700;-0.3400;9.3900;-2.4375;2.5000;-12.3125;-19.8750;-10.8750;-44.5625;-0.3000;0.5500;0.6800;109.7500;2.1250;-16.3750;9328;1746;1588;-13261;
0;90;1.202554;-2.6400;-0.3300;9.4300;35.1250;-32.5625;9.4375;-19.8750;-10.8750;-45.8750;-1.0200;-0.6800;0.9600;109.8125;2.0000;-15.5625;9330;1659;1512;-13280;
0;100;1.161678;-1.8300;1.0000;9.5800;103.9375;-50.4375;43.0000;-22.0625;-11.5000;-44.5000;0.3100;-1.7100;1.8400;107.7500;-5.9375;-10.7500;9597;1744;230;-13162;
0;80;1.188929;-1.2700;2.3400;9.4300;31.9375;-19.3750;-5.1875;-25.7500;-16.6875;-40.8750;0.7900;-0.3100;0.4900;106.5625;-13.9375;-7.4375;9698;2043;-945;-13012;
0;90;1.161678;-1.3400;3.1600;9.1800;22.6250;14.0625;15.1250;-25.3750;-20.6875;-37.1875;-0.4000;1.4600;-1.2400;108.6875;-19.0000;-7.8125;9392;2492;-1521;-13104;
0;90;1.175304;-1.4300;2.8400;9.2700;-44.0625;8.1250;-4.5625;-24.5625;-21.7500;-36.2500;0.3700;0.4500;-1.9100;108.5000;-17.0000;-8.3750;9438;2390;-1247;-13119;
0;90;1.188929;-1.6900;1.8300;9.4800;-62.2500;10.9375;-6.0625;-23.5625;-20.3750;-36.2500;-0.4900;-1.1800;-0.7300;107.5625;-10.9375;-9.9375;9594;2065;-406;-13113;
0;90;1.148053;-1.6900;1.1900;9.5800;-36.0625;-0.8125;-11.3750;-23.6875;-16.2500;-40.7500;-0.2800;0.0000;-0.0900;108.3125;-7.0625;-9.9375;9534;1741;21;-13210;
0;90;1.161678;-1.6400;0.9100;9.6200;-2.7500;-2.2500;-4.8125;-23.6875;-14.5000;-41.5625;-0.2200;-0.3300;-0.0300;109.3125;-5.4375;-9.6250;9432;1574;172;-13303;
0;90;1.148053;-1.6900;0.9700;9.6100;7.1250;0.6250;-30.3125;-24.3750;-14.0625;-41.5625;-0.0100;-0.1700;0.9500;110.5625;-5.7500;-9.8750;9282;1630;139;-13402;
0;90;1.188929;-1.6000;1.5600;9.5400;19.6875;-2.8750;-15.0000;-24.3750;-16.6875;-41.1875;0.4900;0.7200;0.9100;111.1875;-9.3125;-9.4375;9196;1861;-322;-13428;
0;90;1.202554;-1.4500;1.9700;9.4900;8.3750;-5.0625;7.3125;-23.2500;-18.5625;-41.1875;0.7500;0.6800;-0.1900;111.7500;-11.7500;-8.5000;9114;1949;-689;-13457;
0;90;1.188929;-1.3700;2.0900;9.4700;0.1875;-1.1250;17.7500;-23.2500;-20.0000;-40.7500;0.1000;-0.5100;-0.2200;111.2500;-12.4375;-8.0625;9168;1957;-804;-13413;
0;90;1.188929;-1.3000;1.9900;9.5100;-11.5625;-1.4375;0.3750;-24.3750;-20.0000;-38.0000;-0.2100;-1.0500;-0.1100;111.2500;-11.8750;-7.6250;9178;1859;-768;-13422;
0;90;1.134428;-1.2900;1.8300;9.5400;-25.6250;0.5000;-10.8750;-25.0625;-19.5625;-39.0625;0.1500;-0.6000;-0.4000;111.4375;-10.8750;-7.5625;9161;1769;-665;-13451;
0;90;1.161678;-1.3500;1.6300;9.5700;-13.0625;7.3125;-7.6250;-23.2500;-18.5625;-40.0000;0.1500;0.3300;-0.3900;112.0625;-9.6875;-7.9375;9095;1713;-503;-13510;
0;90;1.202554;-1.4400;1.4600;9.5800;-7.5000;5.0625;-1.0625;-23.6875;-18.8750;-41.1875;0.2100;0.2000;0.1500;112.6250;-8.6875;-8.4375;9032;1693;-356;-13560;
0;90;1.161678;-1.4800;1.4200;9.5800;-2.4375;2.9375;4.4375;-23.6875;-18.5625;-41.5625;0.1500;0.1400;0.1600;112.5000;-8.4375;-8.6875;9045;1704;-304;-13551;
0;90;1.134428;-1.4900;1.4000;9.5800;-1.9375;1.2500;2.1875;-22.8750;-18.5625;-41.5625;0.0800;0.0500;-0.0300;112.6875;-8.3125;-8.6875;9029;1698;-289;-13563;
1;90;1.243430;-1.4900;1.4300;9.5800;6.7500;1.3750;5.8125;-24.0625;-18.1875;-41.5625;-0.0300;0.2600;-0.2100;112.6875;-8.5000;-8.6875;9026;1710;-309;-13563;
0;90;1.134428;-1.5100;1.4400;9.5800;1.8750;-0.8125;0.1250;-24.6875;-18.5625;-40.7500;-0.0600;-0.1200;-0.0500;112.5625;-8.5625;-8.8125;9039;1731;-305;-13551;
0;90;1.161678;-1.5300;1.4800;9.5700;-6.1250;0.1250;-2.5625;-22.8750;-18.5625;-41.5625;-0.0500;0.3400;0.1200;112.3125;-8.7500;-9.0000;9066;1769;-316;-13528;
0;90;1.148053;-1.5500;1.4100;9.5700;3.8125;-1.6250;8.0625;-23.6875;-18.5625;-42.0000;0.0200;0.4200;-0.2400;112.2500;-8.3750;-9.0625;9076;1747;-264;-13525;
0;90;1.134428;-1.5000;1.3300;9.5900;-0.7500;-2.4375;-9.5000;-23.2500;-17.3750;-42.0000;0.0700;-0.2900;-0.1700;112.8750;-7.9375;-8.8125;9004;1675;-238;-13583;
0;90;1.134428;-1.5400;1.2100;9.6000;-24.5000;10.2500;-16.8750;-24.0625;-17.7500;-41.5625;0.2600;0.8800;-0.3500;113.3125;-7.1875;-9.0625;8957;1646;-141;-13619;
0;90;1.148053;-1.8200;0.5800;9.6100;-45.7500;17.2500;-7.3750;-22.1875;-16.6875;-43.1875;-0.1300;0.8900;-1.0000;113.8125;-3.5000;-10.6875;8898;1554;422;-13663;
0;90;1.202554;-1.8700;-0.1600;9.6200;-29.1875;-8.8125;-1.5625;-22.5625;-14.8750;-44.3750;0.1600;-0.6800;-0.0300;114.0000;0.9375;-11.0000;8881;1247;973;-13677;
0;90;1.175304;-1.7700;-0.2100;9.6400;35.6250;-8.8125;8.8125;-23.6875;-12.2500;-45.5625;-0.3600;-0.1900;1.3700;113.8750;1.2500;-10.4375;8899;1152;967;-13674;
0;90;1.120802;-1.5900;0.3200;9.6600;44.5000;-16.1875;-1.5625;-23.6875;-13.6875;-43.0625;0.6200;-0.9200;1.1100;113.3125;-1.8750;-9.3750;8969;1268;512;-13642;
0;90;1.134428;-1.4600;0.9700;9.6400;17.5000;-7.6875;-5.8750;-22.8750;-16.2500;-41.0625;0.2500;-1.5800;0.5700;112.6875;-5.7500;-8.5625;9043;1478;1;-13582;
0;90;1.161678;-1.3800;1.5800;9.5700;21.3125;-2.5000;15.0625;-24.0625;-17.7500;-39.0000;0.1600;-0.9500;-0.2000;111.6875;-9.3125;-8.1250;9140;1712;-444;-13482;
0;90;1.161678;-1.3600;1.8200;9.5300;-11.5000;-3.6250;6.8125;-23.2500;-17.7500;-38.6875;0.1100;0.5200;-1.1000;111.1875;-10.7500;-8.0000;9194;1813;-614;-13425;
0;90;1.148053;-1.6000;1.0700;9.6100;-69.1875;29.1250;-4.6875;-23.2500;-19.1875;-38.1875;-0.1300;-0.5600;-0.7000;111.0000;-6.3750;-9.3750;9230;1620;15;-13439;
0;90;1.148053;-1.8200;0.2700;9.6300;-32.6875;-0.9375;-18.8125;-19.5625;-14.0625;-41.0625;-0.0600;-0.8300;-0.3700;111.7500;-1.6250;-10.6875;9143;1400;667;-13507;
0;90;1.134428;-1.7600;0.1500;9.6400;-2.6250;-8.0625;-0.3750;-21.5000;-12.6875;-43.5000;-0.2500;-0.6600;0.3900;112.0000;-0.8750;-10.3125;9120;1302;718;-13529;
0;90;1.148053;-1.5400;0.5000;9.6700;29.3750;-7.3750;22.3125;-22.8750;-13.3750;-43.5000;0.3100;0.5400;0.7300;111.6875;-3.0000;-9.0625;9164;1312;376;-13513;
0;90;1.216179;-1.2700;1.1700;9.6500;52.6875;-11.4375;42.5000;-24.6875;-14.0625;-43.5000;0.6000;0.4900;0.1500;110.1875;-6.9375;-7.4375;9332;1445;-196;-13387;
0;90;1.161678;-1.1400;1.6200;9.6000;-0.3750;0.7500;-8.0000;-24.6875;-16.6875;-42.2500;0.0200;0.2700;0.2400;109.5000;-9.5625;-6.6875;9407;1570;-557;-13311;
0;90;1.148053;-1.1100;1.7500;9.5800;14.0625;-2.6875;4.2500;-25.5000;-16.6875;-40.6875;-0.1100;0.5600;0.0100;109.1250;-10.3750;-6.5000;9441;1622;-661;-13276;
0;90;1.134428;-1.1600;1.7600;9.5700;-0.3750;-6.4375;-3.9375;-24.6875;-18.1875;-41.0625;0.0000;0.3600;-0.1700;109.0625;-10.3750;-6.7500;9450;1654;-640;-13266;
0;90;1.161678;-1.2300;1.7800;9.5600;23.9375;3.0000;-12.3125;-24.0625;-17.7500;-41.8750;0.1600;-0.2600;-0.2800;107.5625;-10.5000;-7.1875;9620;1722;-594;-13137;
0;90;1.229805;-1.1500;1.8700;9.5500;19.0625;-6.6875;6.8125;-23.2500;-17.7500;-42.2500;0.3900;-0.8400;0.0200;109.5625;-11.0625;-6.7500;9386;1703;-726;-13301;
0;90;1.134428;-1.1800;2.0600;9.5100;5.9375;1.4375;1.7500;-26.5625;-19.1875;-39.8750;-0.0600;0.2100;0.0300;108.9375;-12.1875;-6.8750;9448;1820;-835;-13235;
0;90;1.134428;-1.2200;2.0100;9.5100;-4.1250;-0.5625;-2.0625;-25.8750;-19.5625;-39.8750;-0.0800;0.5000;0.0500;109.0625;-11.9375;-7.1875;9432;1826;-783;-13248;
0;90;1.175304;-1.2300;1.9400;9.5300;-2.3125;4.4375;-0.5000;-26.5625;-19.1875;-40.6875;0.3100;0.3700;-0.4000;109.5000;-11.5000;-7.1875;9386;1785;-743;-13289;
0;90;1.161678;-1.3500;1.8400;9.5300;-7.6875;3.6875;-19.9375;-24.3750;-18.1875;-40.6875;-0.2600;-0.3500;0.2200;109.7500;-10.8750;-7.8750;9382;1821;-627;-13293;
0;90;1.243430;-1.4100;1.9100;9.5100;-2.0625;3.6250;-4.5625;-26.5625;-19.1875;-41.0625;0.0100;-0.1000;0.3900;109.7500;-11.3125;-8.2500;9359;1898;-635;-13298;
0;90;1.175304;-1.2600;2.5400;9.3800;82.5000;-4.4375;1.4375;-24.0000;-20.0000;-40.6875;0.5500;-0.4200;-0.1200;110.2500;-15.1875;-7.3750;9278;2047;-1059;-13306;
0;90;1.134428;-1.1500;3.7000;9.0000;34.3750;-9.5000;34.8125;-24.6875;-24.0625;-38.1875;0.7400;0.9900;-1.1000;108.7500;-22.3125;-6.7500;9314;2626;-1940;-13077;
0;90;1.148053;-0.9100;4.0400;8.8800;34.2500;10.9375;109.1875;-24.6875;-25.5000;-35.0000;-1.7300;0.4300;0.3000;106.3750;-24.4375;-5.3125;9471;2680;-2249;-12903;
0;90;1.161678;-0.3200;4.4000;8.7500;-5.7500;43.3750;182.1250;-25.0625;-25.8750;-35.3750;-3.0200;-0.0600;1.2800;89.7500;-26.6875;-1.8750;11105;2877;-2476;-11433;
0;90;1.202554;1.2600;4.6900;8.5100;43.1875;-44.0625;109.5000;-29.0625;-17.2500;-37.8750;3.3300;-1.0900;-1.4600;75.7500;-28.8750;7.3750;12426;2555;-3252;-9845;
0;90;1.134428;1.1000;5.1400;8.2700;45.6875;1.5625;-59.6875;-33.7500;-14.2500;-34.5000;2.3200;1.2800;-0.8000;78.3125;-31.8750;6.4375;12257;2797;-3552;-9887;
0;90;1.161678;-0.1800;5.1200;8.3500;-46.3750;-4.1875;-173.8750;-31.7500;-18.6875;-35.0625;-2.6700;-1.1700;0.6100;89.3750;-31.5000;-1.0625;11358;3281;-3106;-10910;
0;90;1.134428;-0.4300;5.1400;8.3300;-13.4375;-18.8750;-126.4375;-27.3750;-23.1875;-33.7500;2.1300;-0.0900;-2.0200;97.5625;-31.6250;-2.5000;10509;3227;-3143;-11735;
0;90;1.148053;-1.5400;4.9700;8.3000;51.3125;17.4375;-65.5625;-24.7500;-25.3750;-34.2500;-2.1800;0.5700;0.5000;109.8125;-30.8750;-9.0000;9130;3509;-2747;-12854;
0;100;1.148053;-2.1500;5.2300;8.0000;-58.8125;-2.8750;-82.7500;-20.6875;-33.3750;-30.8750;-0.7600;1.7700;-0.3100;113.6875;-33.1250;-12.6875;8537;4090;-2806;-13075;
0;80;1.134428;-2.3200;4.3200;8.4800;-17.9375;-25.9375;-31.3750;-18.8750;-33.3750;-34.1875;-1.0300;1.7200;0.9100;117.8750;-26.9375;-13.6875;8193;3689;-2179;-13526;
0;90;1.134428;-1.8400;3.7700;8.8600;-38.6250;-17.6250;-4.6250;-19.2500;-32.1875;-35.3750;0.7000;-1.2300;0.4800;117.2500;-23.0625;-10.8125;8319;3077;-1973;-13634;
0;90;1.134428;-1.8900;3.9600;8.7600;62.0000;3.0625;26.8125;-19.2500;-30.2500;-37.3750;0.0200;0.2700;1.9500;117.8750;-24.3125;-11.0625;8208;3105;-2004;-13689;
0;90;1.148053;-1.8900;5.2100;8.0800;100.6250;2.8125;-20.3750;-20.0625;-32.0625;-35.3750;0.6800;0.7400;0.5100;119.3750;-32.8125;-11.1250;7944;3661;-3018;-13521;
0;90;1.229805;-2.2500;6.4700;7.0000;123.5000;12.6250;27.0000;-18.5625;-35.7500;-29.1875;-0.5900;4.2400;-1.4600;121.9375;-42.6875;-13.2500;7372;4532;-3981;-13331;
0;90;1.148053;-1.6600;6.2100;7.3900;-139.0000;14.2500;34.0000;-16.3750;-38.6875;-20.8750;0.0300;0.3700;-2.5400;116.0625;-40.0000;-9.7500;8031;4286;-4068;-13001;
0;90;1.134428;-1.0500;3.8700;8.9400;-181.0000;-42.1875;4.5000;-18.2500;-31.0625;-28.8750;1.1200;-3.1600;-4.7400;113.6875;-23.3750;-6.1875;8724;2746;-2447;-13372;
0;90;1.134428;-0.9900;1.7000;9.6000;-150.1875;35.5625;6.3125;-22.5625;-21.5625;-34.2500;-0.3600;-6.2400;-0.0100;114.1875;-10.0625;-5.8125;8820;1520;-922;-13693;
0;90;1.134428;-1.6900;2.2100;9.4000;81.0000;53.0625;-21.0000;-22.5625;-18.5625;-37.7500;-0.7000;1.1700;4.4200;113.5625;-12.3125;-9.3750;8891;2085;-724;-13584;
0;90;1.202554;-2.3300;4.0200;8.6300;158.5000;6.5625;-62.8750;-21.1875;-23.6875;-41.6875;-1.7600;7.9500;3.6800;119.8750;-25.0000;-13.6875;8071;3350;-1837;-13736;
0;90;1.134428;-2.0300;4.7500;8.3300;35.5000;-16.2500;39.7500;-16.5000;-35.8750;-35.0000;0.4100;2.0100;-0.1000;120.6250;-29.6250;-11.9375;7766;3584;-2646;-13722;
0;90;1.134428;-1.0200;4.3600;8.7200;-105.8125;-42.5000;83.1875;-18.7500;-33.5625;-29.6875;-0.8900;-2.6900;-3.1100;114.8125;-26.5625;-5.9375;8466;2902;-2755;-13444;
0;90;1.120802;0.0000;2.4600;9.4900;-180.5000;-29.0000;34.6250;-22.7500;-23.3750;-31.3750;0.4900;-3.6800;-5.9700;109.5625;-14.5625;0.0000;9314;1372;-1877;-13277;
0;90;1.134428;-0.1100;0.5900;9.7800;-83.0000;32.6250;-13.6875;-26.1875;-17.0625;-32.1875;-0.1500;-2.1800;-3.0200;110.8125;-3.4375;-0.6875;9293;363;-353;-13484;
0;90;1.202554;-1.0900;0.3000;9.7400;28.5625;58.1250;-43.1875;-25.6875;-11.0625;-37.1875;-0.1800;-0.0900;0.9100;111.7500;-1.7500;-6.3750;9226;818;287;-13512;
0;90;1.148053;-1.8400;0.9100;9.5800;71.6250;20.3125;-28.2500;-23.8750;-13.6875;-43.7500;0.2200;4.2800;4.0300;114.3750;-5.4375;-10.8125;8869;1639;256;-13676;
0;90;1.134428;-1.5500;1.3300;9.5800;28.6875;-41.5625;6.6875;-20.8750;-18.5000;-44.0000;0.2000;2.3600;3.2300;115.7500;-7.8750;-9.1250;8657;1731;-190;-13801;
0;90;1.148053;-0.6700;1.6100;9.6400;18.7500;-62.8125;23.4375;-21.7500;-18.8750;-40.7500;-0.6600;-0.6000;-0.5700;114.3125;-9.3125;-4.5625;8849;1275;-761;-13709;
0;90;1.175304;0.1000;1.6100;9.6700;-7.0625;-40.3750;11.0000;-24.0000;-17.5000;-38.6875;-0.9900;-2.5600;-6.1200;112.6250;-9.5000;0.1875;9054;726;-1153;-13587;
0;90;1.202554;-0.1500;1.3400;9.7100;-11.4375;54.0000;-29.3750;-26.1875;-15.2500;-34.0625;-1.0700;-1.1400;-4.4300;114.3125;-7.8750;-0.8750;8891;661;-935;-13714;
0;90;1.175304;-1.3800;0.9700;9.6500;-36.1250;63.5625;-11.0000;-25.0625;-17.8750;-38.2500;-0.5900;2.5900;9.8100;114.5625;-5.7500;-8.1250;8824;1374;-151;-13736;
0;90;1.120802;-1.1600;0.8500;9.6900;8.0000;-63.7500;8.0000;-22.5625;-16.6875;-43.8750;-1.1400;1.8300;5.2100;114.7500;-5.0000;-6.8125;8796;1277;-17;-13764;
0;90;1.148053;0.0300;1.1000;9.7400;20.5625;-78.8750;26.5625;-25.0625;-14.8750;-39.0000;-1.3700;-2.1700;-6.8900;113.5000;-6.1250;-0.5000;8965;550;-696;-13685;
0;90;1.161678;0.2400;1.1800;9.7300;-15.5000;33.2500;-38.5000;-27.0625;-14.5000;-35.6875;-1.6600;-3.0700;-7.8800;113.7500;-6.8750;1.3750;8934;372;-940;-13696;
0;90;1.175304;-1.2200;1.0200;9.6700;-26.1875;95.2500;-11.1875;-25.5625;-16.0000;-36.5000;-1.1800;2.9300;9.5100;115.3750;-6.0000;-7.1250;8736;1235;-281;-13803;
0;90;1.148053;-1.3300;0.8500;9.6700;-15.5000;-53.6875;20.5000;-23.5000;-17.8750;-44.0625;-0.4600;0.6600;5.4700;114.1875;-5.0000;-7.8125;8840;1404;32;-13723;
0;90;1.148053;-0.1200;0.8800;9.7600;16.1250;-74.1875;23.3125;-23.8750;-15.5625;-40.7500;-1.0700;-1.1200;-6.6600;113.0000;-5.1250;-0.6875;9007;568;-483;-13666;
0;90;1.148053;0.2000;0.9100;9.7600;-7.9375;25.9375;-35.3750;-27.1875;-14.1875;-36.6875;-0.4600;-3.4600;-10.0300;113.6250;-5.3125;1.1875;8953;273;-737;-13699;
0;90;1.175304;-1.4200;0.8400;9.6600;-18.9375;133.3125;-18.9375;-26.7500;-15.2500;-37.5000;-1.8100;4.0800;14.4300;116.3125;-4.9375;-8.3750;8613;1392;31;-13868;
0;90;1.202554;-0.8500;0.9900;9.7100;-11.5625;-138.4375;36.8125;-21.0625;-18.5000;-46.0000;-2.0000;-0.2400;2.3600;114.5625;-5.8125;-4.9375;8792;1220;-223;-13770;
0;90;1.134428;0.8400;0.9700;9.7200;-20.6250;-35.6875;-12.5000;-25.5000;-16.0000;-38.1875;0.1200;-3.3800;-15.7500;114.0625;-5.6875;4.9375;8910;-94;-1069;-13707;
0;90;1.148053;-0.4600;0.8900;9.7500;23.6875;166.4375;-42.5000;-28.5000;-13.7500;-37.7500;2.8400;2.6600;-0.9500;117.0625;-5.1875;-2.6875;8584;508;-531;-13936;
0;90;1.148053;-1.9500;1.1000;9.5400;45.3750;-15.8125;109.8750;-21.5000;-18.5000;-46.2500;-5.7000;6.1300;18.5200;114.6250;-6.5625;-11.4375;8782;1882;105;-13702;
0;90;1.188929;0.0700;1.0300;9.7500;-4.7500;-121.3125;-12.4375;-22.7500;-18.8750;-43.2500;-0.5200;-4.0900;-10.6600;114.4375;-6.0000;0.4375;8855;412;-761;-13758;
0;90;1.216179;-0.1800;1.0500;9.7400;11.2500;109.8750;-44.4375;-27.5000;-15.5625;-36.7500;1.9800;0.0300;-4.8200;116.3125;-6.1250;-1.0625;8675;458;-734;-13872;
0;90;1.161678;-1.7700;1.1900;9.5700;28.8750;15.0000;81.7500;-23.7500;-18.5000;-41.1875;-4.8100;7.1000;17.8800;115.6875;-7.0625;-10.3750;8570;1759;-20;-13853;
0;90;1.079926;0.0000;1.0700;9.7400;-31.0000;-134.6875;-24.1250;-23.5000;-18.1875;-42.6875;0.5500;-5.1600;-6.5800;114.2500;-6.2500;0.0000;8914;670;-689;-13713;
0;90;1.148053;0.6600;1.3700;9.6800;21.1250;11.3750;-6.6250;-27.1875;-15.2500;-36.1875;0.4500;-3.5200;-8.8200;114.4375;-8.0000;3.8750;8842;153;-1267;-13734;
0;90;1.175304;-0.3700;1.5500;9.6700;-3.5000;98.3125;-2.9375;-28.0000;-16.3750;-35.2500;-0.2400;2.8300;2.2100;116.4375;-9.0625;-2.1875;8599;953;-942;-13881;
0;90;1.188929;-0.8600;1.5600;9.6400;-17.3125;-10.6875;-13.5000;-24.6875;-20.0000;-40.1875;-0.8300;-0.0300;3.4100;116.4375;-9.1875;-5.0000;8606;1332;-751;-13858;
0;90;1.134428;-0.5200;1.7400;9.6300;-0.1250;-15.6875;-3.6250;-24.2500;-21.0625;-40.1875;0.3700;-0.3500;-1.4800;116.2500;-10.1875;-3.0625;8615;1163;-996;-13852;
0;90;1.134428;-0.4600;1.8100;9.6200;10.3750;2.4375;3.3125;-24.2500;-20.3750;-38.5625;0.0300;-0.0300;-1.4400;116.4375;-10.6875;-2.6875;8582;1122;-1082;-13869;
0;90;1.134428;-0.5800;1.7600;9.6200;-7.0625;11.3750;-10.6875;-24.6875;-20.0000;-38.1875;-0.1700;-0.0100;0.1100;117.0625;-10.3750;-3.3750;8512;1190;-1007;-13912;
0;90;1.188929;-0.6800;1.6700;9.6300;-7.1875;2.7500;3.7500;-25.3750;-21.0625;-38.5625;-0.1300;0.5100;0.5200;117.0000;-9.8750;-3.9375;8523;1222;-902;-13910;
0;90;1.243430;-0.6100;1.6200;9.6500;12.0625;-9.2500;5.6250;-25.3750;-20.7500;-39.0000;-0.0200;0.3800;-0.2200;116.7500;-9.5000;-3.5625;8547;1158;-865;-13903;
0;90;1.148053;-0.5200;1.6400;9.6500;0.8750;-7.8125;-3.0000;-25.6875;-20.6875;-39.3750;-0.0500;-0.5100;-0.1500;116.7500;-9.6875;-3.0625;8558;1111;-939;-13895;
0;90;1.161678;-0.4900;1.7100;9.6400;-5.1250;3.6875;-4.0625;-25.6875;-20.6875;-39.0000;-0.3300;0.2700;-0.3200;116.6250;-10.0625;-2.8750;8567;1112;-1017;-13884;
0;90;1.148053;-0.5200;1.6800;9.6400;-1.7500;0.8125;-1.2500;-26.8750;-21.0000;-37.6875;-0.0100;0.2900;-0.2900;116.5625;-9.8750;-3.0625;8573;1120;-971;-13883;
0;90;1.175304;-0.5500;1.6300;9.6500;-1.6875;1.1875;0.4375;-25.6875;-21.0000;-39.7500;-0.2300;0.2100;0.0500;116.8125;-9.6250;-3.2500;8547;1117;-926;-13902;
0;90;1.202554;-0.5700;1.6500;9.6400;6.6875;-5.1875;-0.0625;-24.6875;-20.2500;-38.5625;-0.1900;0.5500;-0.0800;116.8750;-9.6875;-3.3750;8535;1140;-915;-13908;
0;90;1.134428;-0.5600;1.6700;9.6400;-6.6250;2.6250;-3.0000;-25.6875;-21.7500;-39.7500;-0.2200;-0.5100;0.2500;117.0000;-9.8125;-3.3125;8522;1140;-956;-13914;
0;90;1.148053;-0.5600;1.7000;9.6400;-0.5000;0.1875;-5.6250;-23.8750;-21.0000;-39.7500;-0.3700;0.3300;-0.0800;117.2500;-9.9375;-3.2500;8499;1145;-972;-13927;
0;90;1.134428;-0.5700;1.7200;9.6300;0.6875;5.3125;4.3750;-26.0625;-21.3750;-38.5625;-0.1300;-0.3000;0.1700;117.3750;-10.1250;-3.3125;8474;1166;-987;-13939;
0;90;1.148053;-0.6000;1.7300;9.6300;5.8125;0.2500;-3.8750;-24.6875;-21.0000;-40.1875;-0.2700;0.2100;-0.1900;117.6250;-10.1875;-3.5000;8442;1187;-980;-13957;
1;90;1.297931;-0.6500;1.7500;9.6200;-3.3125;1.9375;-8.0625;-24.6875;-21.3750;-39.0000;-0.4600;0.1300;0.1000;117.8125;-10.3125;-3.8125;8430;1228;-982;-13960;
0;90;1.134428;-0.7000;1.7700;9.6100;-2.8125;1.4375;-7.6250;-24.2500;-21.0000;-38.5625;-0.2000;-0.0100;-0.0400;117.7500;-10.4375;-4.1250;8432;1279;-978;-13955;
0;90;1.148053;-0.7500;1.7900;9.6100;-2.9375;2.4375;-6.3125;-24.6875;-21.7500;-39.3750;-0.4400;0.2400;0.0000;117.9375;-10.5000;-4.3750;8405;1314;-969;-13969;
0;90;1.148053;-0.7500;1.7900;9.6100;-0.9375;0.6875;-4.9375;-24.6875;-22.0625;-39.0000;-0.1900;0.2000;-0.0500;118.2500;-10.5625;-4.4375;8362;1320;-966;-13994;
0;90;1.175304;-0.7800;1.8200;9.6000;-6.5000;3.5000;-9.3750;-24.2500;-21.3750;-39.0000;0.4400;-0.2200;-0.2900;118.2500;-10.7500;-4.5625;8356;1351;-983;-13993;
0;90;1.216179;-0.8400;1.7900;9.6000;-10.1875;2.6250;-5.6250;-23.8750;-22.0625;-39.7500;-0.4200;0.6100;0.0300;118.6250;-10.5625;-4.9375;8322;1383;-950;-14013;
0;90;1.161678;-0.8200;1.7800;9.6000;9.2500;0.1250;12.0625;-22.8750;-22.0625;-40.5625;0.3400;0.3500;-0.7200;118.5000;-10.5000;-4.7500;8319;1356;-925;-14019;
0;90;1.134428;-0.8400;1.7800;9.6000;2.4375;2.2500;-0.3125;-24.2500;-22.0625;-39.0000;-0.4700;0.1700;0.1000;118.6875;-10.5000;-4.9375;8309;1373;-926;-14023;
0;90;1.148053;-0.8800;1.7900;9.6000;-5.6250;5.1250;-3.7500;-22.8750;-22.5000;-40.5625;-0.2900;-0.1400;0.1700;118.6250;-10.5625;-5.1250;8315;1403;-916;-14017;
0;90;1.161678;-0.9200;1.7500;9.6000;-4.1250;1.1250;-11.1250;-23.8750;-22.0625;-39.7500;0.1000;-0.3700;-0.2400;118.8750;-10.3125;-5.3750;8284;1414;-874;-14037;
0;90;1.202554;-0.9100;1.8400;9.5800;7.5625;-2.0000;-4.0000;-24.2500;-22.0625;-39.0000;0.2000;0.7500;-0.5200;119.4375;-10.8750;-5.3125;8220;1438;-945;-14068;
0;90;1.148053;-0.9100;1.9700;9.5600;14.1875;5.5625;4.3125;-21.3750;-23.5625;-39.7500;-0.2800;-0.1600;-0.3000;119.6875;-11.6250;-5.3750;8173;1484;-1037;-14084;
0;90;1.134428;-0.9700;2.1400;9.5100;12.8125;3.1875;-0.3750;-23.8750;-22.8750;-39.3750;-0.4800;0.2800;0.1000;119.6250;-12.6875;-5.6875;8184;1610;-1136;-14056;
0;90;1.148053;-0.9700;2.2200;9.5000;6.2500;-3.0625;-2.0000;-22.5000;-24.6875;-40.5625;-0.1000;0.4800;-0.1100;119.8750;-13.1250;-5.6875;8141;1650;-1210;-14070;
0;90;1.175304;-1.0000;2.2600;9.4800;-7.1250;2.8125;-5.6875;-22.5000;-25.3750;-39.0000;-0.3900;0.2700;0.0200;119.8125;-13.3750;-5.8750;8145;1690;-1224;-14062;
0;90;1.202554;-0.9900;2.2600;9.4800;2.9375;-1.6875;0.4375;-22.0625;-24.6875;-39.7500;-0.1300;0.4500;-0.2500;119.9375;-13.3750;-5.8125;8124;1677;-1231;-14075;
0;90;1.134428;-0.9900;2.3100;9.4700;-3.5000;2.4375;4.3750;-22.5000;-24.6875;-39.3750;-0.1400;0.7200;-0.3200;119.5000;-13.6250;-5.7500;8179;1695;-1257;-14038;
0;90;1.134428;-1.0200;2.3100;9.4700;-3.3750;4.3750;12.5000;-22.8750;-24.2500;-39.0000;-0.2600;0.4000;-0.1700;118.1250;-13.7500;-5.9375;8350;1742;-1235;-13934;
0;90;1.120802;-0.9700;2.1500;9.5100;-7.3125;-2.3750;13.7500;-23.1875;-23.2500;-39.0000;0.2200;-0.4000;-0.3000;117.1250;-12.7500;-5.6875;8481;1649;-1120;-13876;
0;90;1.161678;-0.9700;2.0400;9.5400;-4.4375;0.3125;1.2500;-23.1875;-22.8750;-39.3750;-0.0900;-0.2300;0.0100;116.4375;-12.0625;-5.6875;8563;1606;-1031;-13837;
0;90;1.202554;-0.9700;2.0500;9.5300;9.1875;-4.0000;-2.0000;-24.2500;-22.8750;-39.7500;-0.5200;0.1700;0.0200;116.6250;-12.1250;-5.6875;8549;1607;-1022;-13847;
0;90;1.161678;-0.9300;2.1300;9.5200;4.6875;-1.3125;-1.6875;-23.8750;-23.2500;-38.5625;-0.2300;0.1600;-0.0300;116.8125;-12.5625;-5.4375;8517;1606;-1117;-13859;
0;90;1.161678;-0.8900;2.1800;9.5100;-8.3750;-1.5000;-7.5625;-24.6875;-23.2500;-39.0000;-0.1300;0.1400;0.0000;116.6250;-13.0000;-5.1875;8539;1614;-1182;-13839;
0;90;1.148053;-0.9100;2.1500;9.5200;-5.1250;0.3125;2.6875;-24.6875;-22.0625;-38.5625;0.0700;-0.0100;-0.0500;116.1875;-12.6875;-5.3125;8596;1614;-1131;-13808;
0;90;1.148053;-0.9100;2.1300;9.5200;1.3750;2.8750;9.3125;-23.8750;-22.8750;-39.3750;-0.1100;0.4500;0.0500;116.0625;-12.6250;-5.3125;8611;1606;-1116;-13801;
0;90;1.161678;-0.9000;2.1000;9.5300;0.8125;2.9375;7.4375;-24.2500;-22.0625;-40.5625;0.0900;0.1600;-0.3100;115.6875;-12.3750;-5.2500;8655;1582;-1091;-13778;
0;90;1.148053;-0.9400;2.0800;9.5300;-3.6250;4.1875;1.0000;-24.2500;-22.0625;-39.0000;-0.1700;0.2800;-0.1200;115.5625;-12.3125;-5.4375;8674;1600;-1063;-13766;
0;90;1.134428;-0.9600;2.1100;9.5200;2.3125;0.7500;0.3750;-24.6875;-22.0625;-39.3750;-0.2200;0.0500;0.0800;115.3750;-12.5000;-5.6250;8692;1635;-1069;-13750;
0;90;1.161678;-0.9800;2.1300;9.5200;3.3750;1.3750;4.4375;-25.0625;-21.7500;-39.7500;0.0700;0.3300;-0.2800;115.3125;-12.6250;-5.7500;8697;1664;-1072;-13743;
0;90;1.161678;-1.0100;2.1200;9.5100;0.0625;2.9375;-2.1875;-23.5625;-22.5000;-41.0000;-0.1400;0.1900;-0.1000;115.3125;-12.5625;-5.9375;8695;1682;-1055;-13744;
0;90;1.161678;-1.0300;2.1300;9.5100;0.1875;-0.0625;-3.4375;-24.2500;-21.7500;-40.5625;0.0000;0.1800;-0.1400;115.4375;-12.6250;-6.0625;8678;1701;-1055;-13752;
0;90;1.161678;-1.0900;2.1600;9.5000;0.5000;1.6875;-0.6250;-24.6875;-22.0625;-39.7500;-0.0600;0.0200;-0.1600;115.4375;-12.8125;-6.3750;8676;1751;-1050;-13748;
0;90;1.216179;-1.1100;2.1400;9.5000;2.3125;0.9375;-0.3125;-23.1875;-22.5000;-40.1875;-0.1000;-0.0200;-0.2000;115.6250;-12.6875;-6.5000;8653;1758;-1026;-13763;
0;90;1.134428;-1.1300;2.1600;9.4900;-1.6250;0.5625;-1.7500;-23.1875;-22.0625;-41.0000;-0.0600;0.1100;-0.0400;115.6875;-12.8125;-6.6250;8646;1779;-1031;-13764;
0;90;1.175304;-1.1400;2.1800;9.4900;2.5625;-0.3750;2.1250;-23.1875;-21.7500;-40.5625;-0.1800;0.2600;0.0300;115.7500;-12.9375;-6.6875;8637;1796;-1041;-13767;
0;90;1.148053;-1.1600;2.1700;9.4900;1.5625;0.5000;2.7500;-23.5625;-22.5000;-40.5625;0.0000;0.1900;-0.1500;115.8750;-12.8750;-6.7500;8623;1803;-1037;-13775;
0;90;1.134428;-1.1500;2.1300;9.5000;-5.5000;-1.9375;-8.2500;-24.2500;-22.5000;-40.1875;-0.0200;0.1300;-0.0900;116.0000;-12.6250;-6.6875;8612;1775;-1012;-13788;
0;90;1.134428;-1.1600;2.1300;9.5000;-3.2500;0.8750;-1.1250;-23.5625;-21.3750;-40.1875;-0.0700;0.1600;-0.1500;115.9375;-12.6250;-6.7500;8615;1780;-1003;-13786;
0;90;1.148053;-1.1700;2.1000;9.5000;0.5000;0.2500;1.1875;-23.1875;-22.0625;-40.5625;-0.0200;-0.0200;-0.0900;116.1250;-12.4375;-6.8750;8593;1776;-980;-13801;
0;90;1.161678;-1.1700;2.1100;9.5000;1.5625;-1.1250;1.1875;-23.5625;-22.0625;-41.0000;0.0500;0.0300;-0.0900;116.2500;-12.5000;-6.8125;8583;1779;-990;-13807;
0;90;1.134428;-1.1700;2.1100;9.5000;1.9375;-1.9375;-0.4375;-23.8750;-22.5000;-41.0000;-0.1700;0.3300;-0.0800;116.4375;-12.5000;-6.8750;8561;1778;-992;-13820;
0;90;1.148053;-1.1700;2.1200;9.5000;-0.5000;-2.3125;-1.6875;-24.2500;-22.8750;-39.7500;-0.0600;0.0700;-0.0300;116.4375;-12.5625;-6.8125;8559;1780;-1003;-13820;
0;90;1.134428;-1.1500;2.1300;9.5000;1.7500;1.4375;2.0625;-22.8750;-22.8750;-39.3750;-0.0700;0.2700;-0.0400;116.5000;-12.6250;-6.7500;8553;1774;-1018;-13824;
0;90;1.148053;-1.1500;2.1300;9.4900;0.1875;0.2500;-0.1250;-23.1875;-23.5625;-41.0000;-0.0500;0.1700;-0.0700;116.4375;-12.6875;-6.7500;8556;1778;-1018;-13821;
0;90;1.161678;-1.1600;2.1300;9.4900;-0.1875;-0.8750;0.1250;-25.0625;-23.2500;-41.0000;-0.0200;0.2300;-0.1000;116.4375;-12.6250;-6.8125;8555;1782;-1014;-13822;
0;90;1.134428;-1.1700;2.1300;9.4900;-1.0000;1.2500;2.3750;-23.8750;-23.5625;-40.1875;-0.0700;0.0200;0.0300;116.5000;-12.6875;-6.8125;8553;1787;-1012;-13822;
0;90;1.161678;-1.1700;2.1300;9.5000;0.0000;0.0000;0.5625;-23.8750;-22.8750;-40.5625;-0.1400;-0.0600;0.0300;116.5000;-12.6250;-6.8125;8546;1783;-1008;-13827;
0;90;1.120802;-1.1700;2.1300;9.4900;0.5000;-0.3750;-2.2500;-23.8750;-22.8750;-40.1875;-0.0600;0.0500;-0.1100;116.5000;-12.6250;-6.8125;8549;1786;-1010;-13826;
0;90;1.120802;-1.1700;2.1500;9.4900;-0.1250;-1.1875;-2.1250;-23.1875;-23.2500;-40.1875;0.0900;-0.0500;-0.0200;116.5625;-12.7500;-6.8750;8544;1796;-1020;-13826;
0;90;1.161678;-1.1800;2.1500;9.4900;-2.0625;0.4375;-3.5000;-23.1875;-22.0625;-39.7500;-0.1000;-0.0600;-0.0200;116.6875;-12.8125;-6.9375;8529;1805;-1023;-13834;
0;90;1.134428;-1.1900;2.1700;9.4800;1.1250;1.2500;-0.9375;-23.8750;-22.8750;-40.5625;-0.1400;0.1300;0.0600;116.8750;-12.8750;-7.0000;8504;1818;-1035;-13847;
0;90;1.120802;-1.1900;2.1800;9.4800;-2.9375;-0.3750;-1.5000;-23.8750;-23.5625;-40.1875;0.0500;-0.1700;-0.0700;116.8750;-12.9375;-7.0000;8504;1821;-1039;-13846;
0;90;1.148053;-1.2100;2.1800;9.4800;-1.1875;0.8125;-0.8125;-24.2500;-22.0625;-41.0000;0.0000;-0.0100;-0.0100;116.8125;-12.9375;-7.0625;8510;1835;-1034;-13841;
0;90;1.148053;-1.2000;2.1800;9.4800;0.6875;-0.6250;1.3125;-23.1875;-22.5000;-41.0000;-0.0200;-0.0400;0.0200;116.8125;-12.9375;-7.0625;8508;1831;-1035;-13843;
0;90;1.161678;-1.2100;2.1900;9.4800;1.5625;0.3750;2.6250;-24.6875;-23.5625;-41.0000;-0.0500;0.0700;0.0000;116.8750;-13.0000;-7.0625;8498;1835;-1039;-13848;
0;90;1.148053;-1.2100;2.1700;9.4800;-4.8750;0.6250;-2.3750;-23.1875;-23.2500;-40.5625;-0.1500;-0.1400;0.0000;116.9375;-12.8750;-7.1250;8492;1831;-1024;-13854;
0;90;1.161678;-1.2200;2.1800;9.4800;-1.0000;-0.3750;0.6250;-24.2500;-22.8750;-41.7500;-0.0200;0.1200;-0.0500;116.8750;-12.9375;-7.1250;8500;1841;-1030;-13847;
0;90;1.134428;-1.2300;2.1800;9.4800;0.0625;0.5625;0.4375;-23.5625;-22.5000;-40.1875;-0.1300;0.0300;0.0200;116.9375;-12.9375;-7.1875;8493;1844;-1025;-13851;
0;90;1.134428;-1.2200;2.1900;9.4700;0.0000;1.1875;-1.0000;-23.5625;-22.8750;-40.1875;-0.1300;0.0700;-0.0100;116.8750;-13.0000;-7.1875;8497;1849;-1034;-13847;
0;90;1.161678;-1.2200;2.1900;9.4700;-1.0000;-0.2500;-2.0000;-23.1875;-23.2500;-39.7500;0.0600;0.0000;-0.1800;116.9375;-13.0000;-7.1250;8495;1847;-1035;-13849;
0;90;1.134428;-1.2200;2.1900;9.4700;-2.8125;-1.4375;-2.3750;-23.1875;-23.2500;-40.5625;0.0800;-0.0700;-0.0500;116.9375;-13.0000;-7.1875;8495;1848;-1033;-13849;
0;90;1.134428;-1.2300;2.1900;9.4700;0.2500;-1.0625;0.9375;-23.5625;-22.8750;-40.5625;-0.0900;-0.0600;0.0200;116.8125;-13.0000;-7.1875;8504;1856;-1030;-13842;
0;90;1.148053;-1.2300;2.1800;9.4700;-0.3125;-0.1250;1.4375;-23.5625;-23.5625;-40.1875;-0.1900;-0.0500;0.0900;116.8750;-12.9375;-7.2500;8503;1854;-1024;-13844;
0;90;1.134428;-1.2400;2.1900;9.4700;-0.6875;1.5000;-0.6250;-22.0625;-22.8750;-41.3750;-0.2500;0.0700;0.1400;116.8750;-13.0000;-7.2500;8498;1861;-1026;-13846;
0;90;1.175304;-1.2300;2.2000;9.4700;-3.1250;0.9375;-1.1250;-23.1875;-23.2500;-39.0000;-0.0100;-0.0800;-0.0100;116.8750;-13.0625;-7.2500;8497;1859;-1034;-13846;
0;90;1.148053;-1.2400;2.2100;9.4700;-2.5625;0.4375;-1.8750;-22.8750;-23.5625;-39.7500;0.0000;-0.0100;-0.0400;116.8125;-13.1250;-7.3125;8503;1876;-1042;-13840;
0;90;1.148053;-1.2500;2.2500;9.4600;3.0000;1.6875;3.4375;-23.5625;-23.2500;-40.1875;0.0300;0.1500;-0.0900;116.7500;-13.3750;-7.3125;8509;1898;-1063;-13831;
0;90;1.148053;-1.2600;2.2500;9.4500;1.5000;0.5625;1.1875;-22.8750;-23.5625;-40.1875;0.0300;0.1100;-0.0800;116.8125;-13.3750;-7.3750;8505;1902;-1064;-13833;
0;90;1.134428;-1.2700;2.2600;9.4500;2.2500;0.8750;-0.8750;-23.1875;-23.5625;-40.5625;-0.1500;0.2000;0.0100;116.8750;-13.4375;-7.4375;8492;1912;-1068;-13839;
0;90;1.188929;-1.2400;2.3400;9.4400;8.8125;-2.9375;-5.1875;-23.1875;-23.2500;-39.7500;-0.0400;0.5200;-0.3900;117.0000;-13.8750;-7.3125;8477;1929;-1133;-13841;
0;90;1.134428;-1.2600;2.3400;9.4300;-5.2500;4.0000;-2.6250;-23.5625;-24.6875;-40.5625;-0.4500;-0.0500;0.1500;117.1875;-13.9375;-7.3750;8453;1943;-1136;-13854;
0;90;1.148053;-1.2800;2.3600;9.4300;0.8125;-1.1250;-5.7500;-22.5000;-23.8750;-40.5625;0.2400;0.5400;-0.1000;117.3750;-14.0625;-7.5000;8430;1960;-1144;-13865;
0;90;1.134428;-1.3000;2.3600;9.4200;-0.2500;2.9375;2.3750;-22.5000;-23.5625;-40.5625;-0.2400;-0.0700;0.0000;117.3750;-14.0625;-7.6250;8428;1980;-1134;-13864;
0;90;1.120802;-1.3200;2.3600;9.4200;0.5000;0.8125;0.8750;-23.1875;-23.8750;-39.7500;0.0900;-0.0800;0.1200;117.5000;-14.0625;-7.7500;8413;1991;-1123;-13872;
0;90;1.202554;-1.3300;2.3600;9.4200;-1.3125;0.5000;0.0625;-22.5000;-23.8750;-41.7500;-0.1600;-0.1300;0.1200;117.5000;-14.0625;-7.8125;8415;1997;-1121;-13870;
0;90;1.148053;-1.3300;2.3600;9.4200;-0.3750;-0.5625;-2.3125;-22.8750;-25.0625;-41.7500;-0.1600;0.2200;0.0000;117.5000;-14.0625;-7.8125;8410;2000;-1121;-13873;
0;90;1.148053;-1.3300;2.3700;9.4200;-0.9375;-0.6250;-1.4375;-23.1875;-24.2500;-39.7500;0.0300;0.1300;-0.1200;117.5625;-14.0625;-7.8125;8407;2001;-1126;-13874;
0;90;1.120802;-1.3600;2.3500;9.4200;-1.7500;1.3125;-1.3750;-23.5625;-24.2500;-41.7500;0.2200;0.1400;-0.3300;117.7500;-14.0000;-7.9375;8384;2013;-1109;-13888;
0;90;1.134428;-1.3800;2.3100;9.4200;2.5625;1.3125;-0.5625;-22.5000;-24.6875;-41.0000;-0.2300;0.2500;-0.1400;118.0000;-13.7500;-8.1250;8354;2003;-1067;-13910;
0;90;1.216179;-1.4000;2.3000;9.4200;-2.2500;2.2500;-0.8750;-22.5000;-24.2500;-42.1875;-0.2700;0.1100;0.1500;118.0000;-13.7500;-8.1875;8354;2020;-1059;-13908;
0;90;1.148053;-1.4100;2.3300;9.4100;-2.6250;2.4375;-4.3125;-21.6875;-24.6875;-40.5625;0.0500;0.0100;-0.1600;117.7500;-13.8750;-8.3125;8382;2042;-1068;-13888;
0;90;1.148053;-1.4800;2.3300;9.4000;1.1875;6.3125;4.4375;-21.6875;-24.2500;-41.3750;0.2200;-0.0700;-0.1000;117.6875;-13.9375;-8.6875;8389;2093;-1041;-13878;
0;90;1.148053;-1.5900;2.4500;9.3500;8.3125;8.3750;3.0000;-21.3750;-23.5625;-41.0000;-0.1600;0.5900;-0.1300;117.1250;-14.6875;-9.3750;8441;2220;-1063;-13825;
0;90;1.134428;-1.6800;2.5000;9.3300;3.1250;5.1875;4.3125;-22.0625;-24.2500;-41.0000;-0.2000;0.0100;0.1300;117.0625;-15.0000;-9.8125;8446;2317;-1062;-13806;
0;90;1.188929;-1.6900;2.5300;9.3100;1.6875;0.8125;-0.7500;-21.3750;-23.8750;-40.5625;-0.0900;-0.1000;0.0200;116.8125;-15.1875;-9.9375;8470;2346;-1076;-13785;
0;90;1.161678;-1.6900;2.5800;9.3000;3.0625;0.1875;-1.8750;-21.0000;-25.7500;-41.3750;0.0600;0.2400;-0.2100;116.8750;-15.5000;-9.9375;8462;2368;-1111;-13783;
0;90;1.148053;-1.7300;2.6200;9.2800;1.0625;2.8750;0.6875;-21.6875;-25.0625;-41.0000;-0.2500;0.1500;-0.0400;116.9375;-15.7500;-10.1875;8451;2410;-1128;-13782;
0;90;1.148053;-1.7500;2.6300;9.2800;0.5625;2.0000;-0.0625;-21.3750;-25.0625;-40.1875;0.0900;-0.0700;-0.1200;117.0625;-15.8125;-10.3125;8432;2432;-1132;-13789;
0;90;1.134428;-1.7800;2.6500;9.2600;-2.0000;-0.5625;-4.1875;-21.3750;-26.0625;-40.5625;-0.1200;0.1100;0.0200;117.0625;-15.9375;-10.4375;8437;2465;-1132;-13780;
0;90;1.202554;-1.8100;2.6400;9.2600;1.5625;2.1250;-2.0625;-20.2500;-25.7500;-41.3750;0.0000;0.1100;-0.1700;117.1875;-15.8750;-10.6250;8416;2472;-1115;-13793;
0;90;1.120802;-1.8300;2.6200;9.2600;0.5625;1.7500;-1.3125;-20.2500;-26.0625;-41.7500;0.0900;-0.0300;-0.1600;117.5000;-15.7500;-10.7500;8380;2483;-1094;-13815;
0;90;1.134428;-1.8700;2.6000;9.2600;-3.3125;-0.5000;-3.6250;-20.2500;-25.7500;-41.7500;0.0500;-0.1100;-0.0200;117.6875;-15.6875;-11.0000;8357;2501;-1075;-13827;
0;90;1.161678;-1.8800;2.6100;9.2600;0.9375;2.1250;-1.0000;-20.5625;-26.0625;-41.0000;-0.1700;0.2800;0.0300;117.7500;-15.7500;-11.0625;8346;2508;-1075;-13832;
0;90;1.148053;-1.8900;2.6100;9.2600;-0.0625;-0.3750;-1.9375;-20.2500;-25.7500;-40.5625;-0.0200;0.1000;-0.0800;117.8750;-15.7500;-11.0625;8335;2516;-1071;-13838;
0;90;1.202554;-1.9000;2.6200;9.2500;2.6250;0.9375;-1.3750;-20.5625;-25.7500;-41.0000;0.0800;0.0100;-0.1900;117.9375;-15.8125;-11.1250;8327;2526;-1076;-13840;
0;90;1.148053;-1.9100;2.6400;9.2400;2.1250;-0.6250;1.3750;-19.1875;-26.0625;-39.0000;0.1700;0.0400;-0.2200;118.0625;-15.8750;-11.2500;8308;2543;-1079;-13849;
0;90;1.134428;-1.9300;2.6200;9.2400;1.1250;-0.2500;0.9375;-20.2500;-26.0625;-41.3750;0.1100;0.0300;-0.0300;118.1875;-15.8125;-11.3125;8289;2548;-1070;-13859;
0;90;1.148053;-1.9400;2.6300;9.2400;0.1875;1.6875;-0.6875;-20.2500;-26.5000;-40.5625;0.0000;0.2300;-0.0700;118.2500;-15.8750;-11.3750;8281;2556;-1074;-13863;
0;90;1.148053;-1.9400;2.6300;9.2400;-0.0625;0.5000;-0.5000;-21.0000;-26.8750;-40.1875;-0.2200;0.0700;0.0400;118.3750;-15.8750;-11.3750;8270;2554;-1076;-13869;
0;90;1.188929;-1.9300;2.6300;9.2400;-0.5000;-2.1875;-0.5000;-20.5625;-26.5000;-41.0000;0.0600;-0.1700;0.0300;118.4375;-15.8750;-11.3750;8258;2558;-1078;-13876;
0;90;1.134428;-1.9500;2.6400;9.2300;-1.8125;-0.1250;-0.3125;-19.1875;-26.8750;-40.5625;0.0700;-0.1900;0.0400;118.5000;-15.9375;-11.4375;8253;2569;-1082;-13876;
0;90;1.161678;-1.9500;2.6600;9.2300;1.3125;1.6875;-1.5000;-20.2500;-26.0625;-41.3750;-0.0200;0.1800;-0.0700;118.5000;-16.0625;-11.5000;8252;2575;-1093;-13875;
0;90;1.134428;-1.9500;2.6500;9.2300;0.3125;-0.8750;1.6250;-20.5625;-26.5000;-41.0000;0.0500;0.0200;-0.0200;118.5000;-16.0000;-11.5000;8246;2576;-1086;-13879;
0;90;1.202554;-1.9600;2.6500;9.2300;0.2500;-0.6250;0.9375;-21.0000;-26.5000;-40.1875;0.0500;0.0900;-0.0400;118.5000;-16.0000;-11.5000;8249;2581;-1084;-13877;
0;90;1.216179;-1.9500;2.6300;9.2300;0.1875;0.6250;1.3125;-20.5625;-26.5000;-41.0000;0.0100;0.0900;-0.0500;118.5000;-15.9375;-11.5000;8250;2569;-1074;-13879;
0;90;1.134428;-1.9500;2.6300;9.2400;0.4375;-1.0625;-0.9375;-19.8750;-26.8750;-41.7500;0.1100;0.0200;-0.1400;118.4375;-15.8750;-11.4375;8262;2566;-1072;-13872;
0;90;1.120802;-1.9500;2.6400;9.2300;1.8750;-0.8750;2.2500;-20.5625;-26.8750;-40.1875;0.1500;0.1900;-0.2600;118.3750;-15.9375;-11.4375;8267;2569;-1074;-13869;
